note_count,avg_pitch,avg_duration,avg_velocity,max_pitch,min_pitch,file_name,year
7894,64.03483658474791,0.23665903956591466,69.02584241195845,84,38,MIDI-Unprocessed_SMF_02_R1_2004_01-05_ORIG_MID--AUDIO_02_R1_2004_05_Track05_wav.midi,2004
1181,57.90685859441152,0.4014147615015529,55.91871295512278,91,24,MIDI-Unprocessed_SMF_02_R1_2004_01-05_ORIG_MID--AUDIO_02_R1_2004_06_Track06_wav.midi,2004
2850,67.60912280701754,0.1313285818713452,66.82175438596491,105,24,MIDI-Unprocessed_SMF_02_R1_2004_01-05_ORIG_MID--AUDIO_02_R1_2004_08_Track08_wav.midi,2004
6369,65.37352802637777,0.10674638221594177,70.7852096090438,101,24,MIDI-Unprocessed_SMF_02_R1_2004_01-05_ORIG_MID--AUDIO_02_R1_2004_10_Track10_wav.midi,2004
18947,65.78387079748772,0.15135449103639964,61.591967066026285,101,25,MIDI-Unprocessed_SMF_05_R1_2004_01_ORIG_MID--AUDIO_05_R1_2004_02_Track02_wav.midi,2004
5938,64.44594139440889,0.09895149180419892,73.86426406197373,101,24,MIDI-Unprocessed_SMF_05_R1_2004_01_ORIG_MID--AUDIO_05_R1_2004_03_Track03_wav.midi,2004
10034,67.86306557703807,0.10262492940668412,66.84044249551525,105,26,MIDI-Unprocessed_SMF_05_R1_2004_02-03_ORIG_MID--AUDIO_05_R1_2004_06_Track06_wav.midi,2004
3547,63.68734141528052,0.38103268019922926,68.05553989286722,102,24,MIDI-Unprocessed_SMF_07_R1_2004_01_ORIG_MID--AUDIO_07_R1_2004_02_Track02_wav.midi,2004
6106,62.809859154929576,0.44004548122065723,61.22109400589584,102,24,MIDI-Unprocessed_SMF_07_R1_2004_01_ORIG_MID--AUDIO_07_R1_2004_04_Track04_wav.midi,2004
5271,61.703471826977804,0.2895532947574778,69.0311136406754,104,24,MIDI-Unprocessed_SMF_07_R1_2004_01_ORIG_MID--AUDIO_07_R1_2004_06_Track06_wav.midi,2004
7516,64.88344864289516,0.19633504080184497,67.99427887174029,104,22,MIDI-Unprocessed_SMF_07_R1_2004_01_ORIG_MID--AUDIO_07_R1_2004_12_Track12_wav.midi,2004
7557,66.95064178906973,0.34187908010233303,59.007013365091964,89,29,MIDI-Unprocessed_SMF_12_01_2004_01-05_ORIG_MID--AUDIO_12_R1_2004_03_Track03_wav--1.midi,2004
5156,65.22808378588053,0.22199258145849543,66.89100077579519,101,26,MIDI-Unprocessed_SMF_12_01_2004_01-05_ORIG_MID--AUDIO_12_R1_2004_07_Track07_wav.midi,2004
1701,60.154027042915935,0.4034685479129922,55.606114050558496,97,22,MIDI-Unprocessed_SMF_12_01_2004_01-05_ORIG_MID--AUDIO_12_R1_2004_08_Track08_wav.midi,2004
3006,67.53326679973387,0.13040377578176973,60.953426480372585,106,21,MIDI-Unprocessed_SMF_12_01_2004_01-05_ORIG_MID--AUDIO_12_R1_2004_09_Track09_wav.midi,2004
9939,67.67763356474494,0.10775365144045337,65.68749371164101,105,26,MIDI-Unprocessed_SMF_12_01_2004_01-05_ORIG_MID--AUDIO_12_R1_2004_10_Track10_wav.midi,2004
7963,61.939846791410275,0.20360783205659488,70.03968353635564,106,21,MIDI-Unprocessed_SMF_13_01_2004_01-05_ORIG_MID--AUDIO_13_R1_2004_02_Track02_wav.midi,2004
12177,63.34458405190112,0.22507630505598006,65.52656647778599,89,27,MIDI-Unprocessed_SMF_13_01_2004_01-05_ORIG_MID--AUDIO_13_R1_2004_05_Track05_wav.midi,2004
3510,66.17777777777778,0.12668387939221296,60.03162393162393,89,29,MIDI-Unprocessed_SMF_13_01_2004_01-05_ORIG_MID--AUDIO_13_R1_2004_08_Track08_wav.midi,2004
1360,65.45367647058823,0.5957774203431376,50.256617647058825,89,29,MIDI-Unprocessed_SMF_13_01_2004_01-05_ORIG_MID--AUDIO_13_R1_2004_09_Track09_wav.midi,2004
1859,68.23076923076923,0.10949771382463691,65.19795589026359,93,36,MIDI-Unprocessed_SMF_13_01_2004_01-05_ORIG_MID--AUDIO_13_R1_2004_10_Track10_wav.midi,2004
2872,67.06789693593315,0.12091602831940587,61.816155988857936,108,27,MIDI-Unprocessed_SMF_13_01_2004_01-05_ORIG_MID--AUDIO_13_R1_2004_12_Track12_wav.midi,2004
1764,62.92290249433107,0.2582784155328799,69.38492063492063,95,25,MIDI-Unprocessed_SMF_16_R1_2004_01-08_ORIG_MID--AUDIO_16_R1_2004_02_Track02_wav.midi,2004
1770,62.33672316384181,0.32886475988700553,65.65819209039547,95,27,MIDI-Unprocessed_SMF_16_R1_2004_01-08_ORIG_MID--AUDIO_16_R1_2004_03_Track03_wav.midi,2004
3168,67.25852272727273,0.14190077861952852,71.32828282828282,103,26,MIDI-Unprocessed_SMF_16_R1_2004_01-08_ORIG_MID--AUDIO_16_R1_2004_04_Track04_wav.midi,2004
1620,66.08888888888889,0.40420138888888923,58.57654320987654,104,28,MIDI-Unprocessed_SMF_16_R1_2004_01-08_ORIG_MID--AUDIO_16_R1_2004_05_Track05_wav.midi,2004
2968,67.11927223719677,0.13372044867475297,69.89386792452831,108,25,MIDI-Unprocessed_SMF_16_R1_2004_01-08_ORIG_MID--AUDIO_16_R1_2004_06_Track06_wav.midi,2004
11750,63.24365957446808,0.22053014184397188,70.90527659574468,105,21,MIDI-Unprocessed_SMF_16_R1_2004_01-08_ORIG_MID--AUDIO_16_R1_2004_08_Track08_wav.midi,2004
12854,65.92298117317567,0.11366986930138448,69.201026917691,107,21,MIDI-Unprocessed_SMF_16_R1_2004_01-08_ORIG_MID--AUDIO_16_R1_2004_13_Track13_wav.midi,2004
2194,62.44348222424795,0.3265634495594042,78.2073837739289,82,36,MIDI-Unprocessed_SMF_17_R1_2004_01-02_ORIG_MID--AUDIO_20_R2_2004_02_Track02_wav.midi,2004
5485,61.98085688240656,0.22948799756912794,65.12980856882406,98,24,MIDI-Unprocessed_SMF_17_R1_2004_01-02_ORIG_MID--AUDIO_20_R2_2004_04_Track04_wav.midi,2004
4622,59.32626568585028,0.30049446487811937,64.31198615318044,94,24,MIDI-Unprocessed_SMF_17_R1_2004_01-02_ORIG_MID--AUDIO_20_R2_2004_06_Track06_wav.midi,2004
2574,57.32556332556332,0.29200012950012993,41.65073815073815,79,29,MIDI-Unprocessed_SMF_17_R1_2004_01-03_ORIG_MID--AUDIO_17_R1_2004_02_Track02_wav--1.midi,2004
3291,63.95776359769067,0.18604147675478566,56.20540869036767,96,29,MIDI-Unprocessed_SMF_17_R1_2004_01-03_ORIG_MID--AUDIO_17_R1_2004_02_Track02_wav--2.midi,2004
6165,65.9036496350365,0.14707082995404164,56.19448499594485,101,28,MIDI-Unprocessed_SMF_17_R1_2004_01-03_ORIG_MID--AUDIO_17_R1_2004_03_Track03_wav.midi,2004
5017,65.01355391668328,0.19968710550793925,59.70281044448874,101,26,MIDI-Unprocessed_SMF_17_R1_2004_01-03_ORIG_MID--AUDIO_17_R1_2004_06_Track06_wav.midi,2004
3856,67.2795643153527,0.08447846429806348,70.72640041493776,102,30,MIDI-Unprocessed_SMF_17_R1_2004_03-06_ORIG_MID--AUDIO_20_R2_2004_08_Track08_wav.midi,2004
1897,71.0263574064312,0.09122792567211403,58.5065893516078,101,23,MIDI-Unprocessed_SMF_17_R1_2004_03-06_ORIG_MID--AUDIO_20_R2_2004_12_Track12_wav--1.midi,2004
5158,64.90946103140752,0.1625090878247385,68.69523070957736,101,26,MIDI-Unprocessed_SMF_17_R1_2004_03-06_ORIG_MID--AUDIO_20_R2_2004_12_Track12_wav--2.midi,2004
15256,66.22292868379654,0.1301017495848629,50.9872836916623,101,25,MIDI-Unprocessed_SMF_17_R1_2004_04_ORIG_MID--AUDIO_17_R1_2004_09_Track09_wav.midi,2004
9238,63.8613336219961,0.1131667433427151,67.83946741718987,101,24,MIDI-Unprocessed_SMF_17_R1_2004_04_ORIG_MID--AUDIO_17_R1_2004_11_Track11_wav.midi,2004
5239,64.42050009543806,0.30819773175542364,60.616529872113,84,38,MIDI-Unprocessed_SMF_22_R1_2004_01-04_ORIG_MID--AUDIO_22_R1_2004_03_Track03_wav.midi,2004
1623,63.953789279112755,0.094583076607106,70.6358595194085,84,38,MIDI-Unprocessed_SMF_22_R1_2004_01-04_ORIG_MID--AUDIO_22_R1_2004_05_Track05_wav.midi,2004
7805,63.7431133888533,0.17423700085415303,63.12005124919923,93,29,MIDI-Unprocessed_SMF_22_R1_2004_01-04_ORIG_MID--AUDIO_22_R1_2004_10_Track10_wav.midi,2004
12748,64.59750549105742,0.1520508936042257,69.77949482271728,104,21,MIDI-Unprocessed_SMF_22_R1_2004_01-04_ORIG_MID--AUDIO_22_R1_2004_17_Track17_wav.midi,2004
2903,63.01343437822942,0.3038684837524401,64.17189114708921,96,29,MIDI-Unprocessed_XP_01_R1_2004_01-02_ORIG_MID--AUDIO_01_R1_2004_02_Track02_wav.midi,2004
5207,59.91761090839255,0.32547012035081024,65.80929517956596,96,24,MIDI-Unprocessed_XP_01_R1_2004_01-02_ORIG_MID--AUDIO_01_R1_2004_03_Track03_wav.midi,2004
19689,63.93310985829651,0.167587813415274,74.06562039717609,103,25,MIDI-Unprocessed_XP_01_R1_2004_03_ORIG_MID--AUDIO_01_R1_2004_04_Track04_wav.midi,2004
5141,66.73526551254619,0.17143916553199745,63.224275432795174,101,24,MIDI-Unprocessed_XP_01_R1_2004_04-05_ORIG_MID--AUDIO_01_R1_2004_05_Track05_wav.midi,2004
5925,63.550042194092825,0.26339469057665243,70.58835443037975,97,22,MIDI-Unprocessed_XP_01_R1_2004_04-05_ORIG_MID--AUDIO_01_R1_2004_06_Track06_wav.midi,2004
2809,62.5938056247775,0.3939561825086033,66.04627981488073,84,29,MIDI-Unprocessed_XP_03_R1_2004_01-02_ORIG_MID--AUDIO_03_R1_2004_01_Track01_wav.midi,2004
16522,63.33101319452851,0.2204628676915619,72.00472097808982,104,24,MIDI-Unprocessed_XP_03_R1_2004_01-02_ORIG_MID--AUDIO_03_R1_2004_02_Track02_wav.midi,2004
17872,66.42032229185318,0.1407158077812601,65.31496195165622,105,24,MIDI-Unprocessed_XP_04_R1_2004_01-02_ORIG_MID--AUDIO_04_R1_2004_01_Track01_wav.midi,2004
5426,66.509030593439,0.1849098476471307,62.29856247696277,89,36,MIDI-Unprocessed_XP_04_R1_2004_01-02_ORIG_MID--AUDIO_04_R1_2004_02_Track02_wav.midi,2004
1477,65.43331076506432,0.5022349638907693,48.83750846310088,97,32,MIDI-Unprocessed_XP_04_R1_2004_03-05_ORIG_MID--AUDIO_04_R1_2004_04_Track04_wav.midi,2004
3678,67.11147362697118,0.11229240302700758,63.77922784121805,102,23,MIDI-Unprocessed_XP_04_R1_2004_03-05_ORIG_MID--AUDIO_04_R1_2004_05_Track05_wav.midi,2004
1820,65.12582417582418,0.1388701923076922,69.65934065934066,85,36,MIDI-Unprocessed_XP_04_R1_2004_03-05_ORIG_MID--AUDIO_04_R1_2004_06_Track06_wav.midi,2004
7984,66.22745490981964,0.10479109260187001,68.51603206412825,105,24,MIDI-Unprocessed_XP_04_R1_2004_06_ORIG_MID--AUDIO_04_R1_2004_08_Track08_wav.midi,2004
5596,64.36150822015726,0.4788597137836558,52.62508934953538,100,30,MIDI-Unprocessed_XP_04_R2_2004_01_ORIG_MID--AUDIO_04_R2_2004_01_Track01_wav.midi,2004
11919,64.77514892188942,0.21304788223285026,55.69896803423106,98,28,MIDI-Unprocessed_XP_04_R2_2004_01_ORIG_MID--AUDIO_04_R2_2004_02_Track02_wav.midi,2004
18833,60.78866882599692,0.3083442848545992,61.782297031805875,101,24,MIDI-Unprocessed_XP_06_R1_2004_01_ORIG_MID--AUDIO_06_R1_2004_01_Track01_wav.midi,2004
11856,70.01796558704453,0.11845856879779582,70.05996963562752,105,24,MIDI-Unprocessed_XP_06_R1_2004_02-03_ORIG_MID--AUDIO_06_R1_2004_05_Track05_wav.midi,2004
6610,60.38199697428139,0.22782731341401902,60.90801815431165,97,29,MIDI-Unprocessed_XP_06_R2_2004_01_ORIG_MID--AUDIO_06_R2_2004_01_Track01_wav.midi,2004
2770,58.601083032490976,0.5078937274368232,51.44404332129964,92,29,MIDI-Unprocessed_XP_06_R2_2004_01_ORIG_MID--AUDIO_06_R2_2004_02_Track02_wav.midi,2004
8922,61.20309347679893,0.13615606086079282,62.58865725173728,101,29,MIDI-Unprocessed_XP_06_R2_2004_01_ORIG_MID--AUDIO_06_R2_2004_03_Track03_wav.midi,2004
6528,63.751838235294116,0.2539480570874185,66.61611519607843,84,26,MIDI-Unprocessed_XP_08_R1_2004_01-02_ORIG_MID--AUDIO_08_R1_2004_01_Track01_wav.midi,2004
13809,60.80201317981027,0.20787077268448162,61.674415236440005,101,23,MIDI-Unprocessed_XP_08_R1_2004_01-02_ORIG_MID--AUDIO_08_R1_2004_02_Track02_wav.midi,2004
5789,65.95335982034894,0.26837698652616926,48.62653307997927,103,22,MIDI-Unprocessed_XP_08_R1_2004_03_ORIG_MID--AUDIO_08_R1_2004_03_Track03_wav.midi,2004
3301,63.844895486216295,0.10749962132687083,72.3998788245986,103,21,MIDI-Unprocessed_XP_08_R1_2004_04-06_ORIG_MID--AUDIO_08_R1_2004_04_Track04_wav.midi,2004
2641,59.89397955319954,0.2878336804240817,57.875047330556605,102,23,MIDI-Unprocessed_XP_08_R1_2004_04-06_ORIG_MID--AUDIO_08_R1_2004_05_Track05_wav--1.midi,2004
2848,61.23911516853933,0.12733497191011212,70.14115168539325,98,26,MIDI-Unprocessed_XP_08_R1_2004_04-06_ORIG_MID--AUDIO_08_R1_2004_05_Track05_wav--2.midi,2004
1906,61.90293809024134,0.21235735834207783,64.77229800629591,83,37,MIDI-Unprocessed_XP_09_R1_2004_01-02_ORIG_MID--AUDIO_09_R1_2004_01_Track01_wav.midi,2004
2638,64.13040181956028,0.25576549469294885,60.75549658832449,96,29,MIDI-Unprocessed_XP_09_R1_2004_01-02_ORIG_MID--AUDIO_09_R1_2004_02_Track02_wav.midi,2004
4741,66.00421851929973,0.19363596815017906,63.696899388314705,101,28,MIDI-Unprocessed_XP_09_R1_2004_01-02_ORIG_MID--AUDIO_09_R1_2004_03_Track03_wav.midi,2004
4876,62.50574241181296,0.2201146773311453,66.2085726004922,99,25,MIDI-Unprocessed_XP_09_R1_2004_05_ORIG_MID--AUDIO_09_R1_2004_06_Track06_wav.midi,2004
1398,61.3376251788269,0.27337565569861705,62.29256080114449,98,25,MIDI-Unprocessed_XP_09_R1_2004_05_ORIG_MID--AUDIO_09_R1_2004_07_Track07_wav.midi,2004
6699,61.54590237348858,0.2707454781808228,64.45290341842066,101,24,MIDI-Unprocessed_XP_09_R1_2004_05_ORIG_MID--AUDIO_09_R1_2004_08_Track08_wav.midi,2004
931,53.23845327604726,0.5453376745435013,52.11815252416756,77,22,MIDI-Unprocessed_XP_10_R1_2004_01-02_ORIG_MID--AUDIO_10_R1_2004_01_Track01_wav.midi,2004
12231,63.41721854304636,0.2277469476466899,66.35115689641076,89,26,MIDI-Unprocessed_XP_10_R1_2004_01-02_ORIG_MID--AUDIO_10_R1_2004_02_Track02_wav.midi,2004
6022,64.06592494187977,0.23154786615742318,62.91016273663235,101,24,MIDI-Unprocessed_XP_10_R1_2004_03-04_ORIG_MID--AUDIO_10_R1_2004_03_Track03_wav.midi,2004
16164,64.27567433803515,0.1737491493442212,65.64179658500372,103,25,MIDI-Unprocessed_XP_10_R1_2004_05_ORIG_MID--AUDIO_10_R1_2004_05_Track05_wav.midi,2004
5888,66.21467391304348,0.21638183593749993,63.970278532608695,89,36,MIDI-Unprocessed_XP_11_R1_2004_01-02_ORIG_MID--AUDIO_11_R1_2004_01_Track01_wav.midi,2004
11310,61.713262599469495,0.2758311229000885,66.14960212201592,98,26,MIDI-Unprocessed_XP_11_R1_2004_01-02_ORIG_MID--AUDIO_11_R1_2004_02_Track02_wav.midi,2004
3757,66.96406707479372,0.19489369842959797,67.39446366782006,103,23,MIDI-Unprocessed_XP_11_R1_2004_03-04_ORIG_MID--AUDIO_11_R1_2004_03_Track03_wav.midi,2004
7567,68.212369499141,0.1466606647284259,68.74520946213823,104,24,MIDI-Unprocessed_XP_11_R1_2004_03-04_ORIG_MID--AUDIO_11_R1_2004_04_Track04_wav.midi,2004
2295,64.67058823529412,0.2949986383442266,43.08061002178649,91,34,MIDI-Unprocessed_XP_14_R1_2004_01-03_ORIG_MID--AUDIO_14_R1_2004_01_Track01_wav.midi,2004
10607,64.60243235599133,0.1920920932717385,61.03799377769398,95,23,MIDI-Unprocessed_XP_14_R1_2004_01-03_ORIG_MID--AUDIO_14_R1_2004_03_Track03_wav.midi,2004
2571,65.89303772851031,0.1297918287307142,63.10190587320109,86,29,MIDI-Unprocessed_XP_14_R1_2004_04_ORIG_MID--AUDIO_14_R1_2004_04_Track04_wav.midi,2004
875,63.29942857142857,0.6184690476190475,50.267428571428574,87,32,MIDI-Unprocessed_XP_14_R1_2004_04_ORIG_MID--AUDIO_14_R1_2004_05_Track05_wav.midi,2004
1231,66.16246953696182,0.09151519767127005,68.81316003249391,89,33,MIDI-Unprocessed_XP_14_R1_2004_04_ORIG_MID--AUDIO_14_R1_2004_06_Track06_wav.midi,2004
7759,63.1938394122954,0.2710572668299181,53.38523005541951,103,29,MIDI-Unprocessed_XP_14_R2_2004_01_ORIG_MID--AUDIO_14_R2_2004_01_Track01_wav.midi,2004
2274,57.02770448548813,0.6359865142187047,47.12489006156552,88,28,MIDI-Unprocessed_XP_14_R2_2004_01_ORIG_MID--AUDIO_14_R2_2004_02_Track02_wav.midi,2004
3136,67.5,0.09782797884778892,60.732780612244895,94,29,MIDI-Unprocessed_XP_14_R2_2004_01_ORIG_MID--AUDIO_14_R2_2004_03_Track03_wav.midi,2004
5604,64.82922912205568,0.12368211694028068,66.73411848679514,101,28,MIDI-Unprocessed_XP_14_R2_2004_01_ORIG_MID--AUDIO_14_R2_2004_04_Track04_wav.midi,2004
5946,61.81365623948873,0.16737775395223692,69.07669021190716,89,29,MIDI-Unprocessed_XP_15_R1_2004_01-02_ORIG_MID--AUDIO_15_R1_2004_01_Track01_wav.midi,2004
18632,66.09129454701589,0.1607556891369686,67.20223271790468,105,24,MIDI-Unprocessed_XP_15_R1_2004_01-02_ORIG_MID--AUDIO_15_R1_2004_02_Track02_wav.midi,2004
10263,60.92224495761473,0.1678257656955408,62.41147812530449,91,29,MIDI-Unprocessed_XP_15_R1_2004_03_ORIG_MID--AUDIO_15_R1_2004_03_Track03_wav.midi,2004
12366,62.834222869157365,0.2329372540298671,66.12154294032024,105,21,MIDI-Unprocessed_XP_15_R1_2004_04_ORIG_MID--AUDIO_15_R1_2004_04_Track04_wav.midi,2004
5644,63.22253720765415,0.13517341424521648,71.58203401842665,100,29,MIDI-Unprocessed_XP_15_R2_2004_01_ORIG_MID--AUDIO_15_R2_2004_01_Track01_wav.midi,2004
5153,62.794682709101494,0.3325085710589298,58.00349311080924,97,29,MIDI-Unprocessed_XP_15_R2_2004_01_ORIG_MID--AUDIO_15_R2_2004_02_Track02_wav.midi,2004
4352,62.70611213235294,0.18815080231311243,63.627297794117645,91,31,MIDI-Unprocessed_XP_15_R2_2004_01_ORIG_MID--AUDIO_15_R2_2004_03_Track03_wav.midi,2004
5596,65.60436025732666,0.12686517155110752,58.60864903502502,100,31,MIDI-Unprocessed_XP_15_R2_2004_01_ORIG_MID--AUDIO_15_R2_2004_04_Track04_wav.midi,2004
7752,62.76186790505676,0.27399232993636025,54.918214654282764,101,29,MIDI-Unprocessed_XP_16_R2_2004_01_ORIG_MID--AUDIO_16_R2_2004_01_Track01_wav.midi,2004
2279,57.10399297937692,0.5731822253912542,53.36068451075033,88,28,MIDI-Unprocessed_XP_16_R2_2004_01_ORIG_MID--AUDIO_16_R2_2004_02_Track02_wav.midi,2004
3122,67.54260089686099,0.10284039344437343,62.19026265214606,94,29,MIDI-Unprocessed_XP_16_R2_2004_01_ORIG_MID--AUDIO_16_R2_2004_03_Track03_wav.midi,2004
5619,64.8611852642819,0.1386734739277455,64.43673251468233,101,29,MIDI-Unprocessed_XP_16_R2_2004_01_ORIG_MID--AUDIO_16_R2_2004_04_Track04_wav.midi,2004
5598,64.31707752768845,0.23192769739192534,47.94444444444444,100,30,MIDI-Unprocessed_XP_17_R2_2004_01_ORIG_MID--AUDIO_17_R2_2004_01_Track01_wav.midi,2004
3325,63.48541353383459,0.20157111528822086,47.737443609022556,94,28,MIDI-Unprocessed_XP_17_R2_2004_01_ORIG_MID--AUDIO_17_R2_2004_02_Track02_wav.midi,2004
2681,62.716523685192094,0.13888629864478416,54.527415143603136,93,33,MIDI-Unprocessed_XP_17_R2_2004_01_ORIG_MID--AUDIO_17_R2_2004_03_Track03_wav.midi,2004
6370,65.87927786499215,0.12041274201988499,53.34379905808477,98,30,MIDI-Unprocessed_XP_17_R2_2004_01_ORIG_MID--AUDIO_17_R2_2004_04_Track04_wav.midi,2004
3150,61.45809523809524,0.15890839947089952,57.481904761904765,96,28,MIDI-Unprocessed_XP_18_R1_2004_01-02_ORIG_MID--AUDIO_18_R1_2004_02_Track02_wav.midi,2004
2655,62.619209039548025,0.1624988229755179,57.900564971751415,93,29,MIDI-Unprocessed_XP_18_R1_2004_01-02_ORIG_MID--AUDIO_18_R1_2004_03_Track03_wav.midi,2004
1982,69.372351160444,0.08032605953582232,56.525227043390515,103,28,MIDI-Unprocessed_XP_18_R1_2004_01-02_ORIG_MID--AUDIO_18_R1_2004_04_Track04_wav.midi,2004
4435,60.66516347237881,0.09235931040962057,62.82187147688839,101,25,MIDI-Unprocessed_XP_18_R1_2004_01-02_ORIG_MID--AUDIO_18_R1_2004_05_Track05_wav.midi,2004
12936,61.809059987631414,0.27491359706761503,60.93436920222634,101,24,MIDI-Unprocessed_XP_18_R1_2004_04_ORIG_MID--AUDIO_18_R1_2004_07_Track07_wav.midi,2004
1903,67.92012611665791,0.11522048519880884,63.92643194955334,88,29,MIDI-Unprocessed_XP_19_R1_2004_01-02_ORIG_MID--AUDIO_19_R1_2004_01_Track01_wav.midi,2004
1601,68.57089319175515,0.3300892671247136,55.70455965021861,89,33,MIDI-Unprocessed_XP_19_R1_2004_01-02_ORIG_MID--AUDIO_19_R1_2004_02_Track02_wav.midi,2004
17108,60.873392564881925,0.21206081706414073,61.31055646481178,101,24,MIDI-Unprocessed_XP_19_R1_2004_01-02_ORIG_MID--AUDIO_19_R1_2004_03_Track03_wav.midi,2004
4945,60.219211324570274,0.16087188237276698,58.6103134479272,97,26,MIDI-Unprocessed_XP_19_R2_2004_01_ORIG_MID--AUDIO_19_R2_2004_01_Track01_wav.midi,2004
2774,58.5998558038933,0.359127538452295,52.074260994953136,92,29,MIDI-Unprocessed_XP_19_R2_2004_01_ORIG_MID--AUDIO_19_R2_2004_02_Track02_wav.midi,2004
8982,61.17690937430417,0.11887664217323496,60.19516811400579,101,29,MIDI-Unprocessed_XP_19_R2_2004_01_ORIG_MID--AUDIO_19_R2_2004_03_Track03_wav.midi,2004
5678,64.24286720676294,0.24275529822707606,61.16907361747094,100,30,MIDI-Unprocessed_XP_20_R2_2004_01_ORIG_MID--AUDIO_20_R1_2004_01_Track01_wav.midi,2004
3109,63.62174332582824,0.213268936957221,58.04760373110325,94,28,MIDI-Unprocessed_XP_20_R2_2004_01_ORIG_MID--AUDIO_20_R1_2004_02_Track02_wav.midi,2004
9263,65.01716506531362,0.10466731440498044,66.62236856310051,98,30,MIDI-Unprocessed_XP_20_R2_2004_01_ORIG_MID--AUDIO_20_R1_2004_03_Track03_wav.midi,2004
6316,60.58185560481317,0.29126738310111855,62.95408486383787,103,22,MIDI-Unprocessed_XP_21_R1_2004_01_ORIG_MID--AUDIO_21_R1_2004_01_Track01_wav.midi,2004
3837,61.68543132655721,0.275447941099817,61.90591608027105,89,28,MIDI-Unprocessed_XP_21_R1_2004_02_ORIG_MID--AUDIO_21_R1_2004_02_Track02_wav.midi,2004
6007,62.975362077576165,0.2688145080739129,60.60562676876977,89,29,MIDI-Unprocessed_XP_21_R1_2004_02_ORIG_MID--AUDIO_21_R1_2004_03_Track03_wav.midi,2004
15805,63.017526099335655,0.2594316803754083,65.85669092059474,104,24,MIDI-Unprocessed_XP_21_R1_2004_03_ORIG_MID--AUDIO_21_R1_2004_04_Track04_wav.midi,2004
4903,60.09912298592698,0.1887271398463526,58.742810524168874,97,26,MIDI-Unprocessed_XP_22_R2_2004_01_ORIG_MID--AUDIO_22_R2_2004_01_Track01_wav.midi,2004
2735,58.52504570383912,0.39416552407068906,48.194881170018284,92,29,MIDI-Unprocessed_XP_22_R2_2004_01_ORIG_MID--AUDIO_22_R2_2004_02_Track02_wav.midi,2004
1732,60.53406466512702,0.1369984122401848,59.67090069284065,94,32,MIDI-Unprocessed_XP_22_R2_2004_01_ORIG_MID--AUDIO_22_R2_2004_03_Track03_wav.midi,2004
7308,61.34537493158183,0.11044859514687091,63.019978106185,101,29,MIDI-Unprocessed_XP_22_R2_2004_01_ORIG_MID--AUDIO_22_R2_2004_04_Track04_wav.midi,2004
17876,62.409207876482434,0.2046948422465882,64.74524502125755,100,24,MIDI-Unprocessed_01_R1_2006_01-09_ORIG_MID--AUDIO_01_R1_2006_01_Track01_wav.midi,2006
4154,65.67164179104478,0.11459461763761833,68.46389022628792,87,31,MIDI-Unprocessed_01_R1_2006_01-09_ORIG_MID--AUDIO_01_R1_2006_02_Track02_wav.midi,2006
8013,66.34394109571946,0.20298574061940994,55.13041307874703,105,21,MIDI-Unprocessed_01_R1_2006_01-09_ORIG_MID--AUDIO_01_R1_2006_03_Track03_wav.midi,2006
3648,61.620065789473685,0.293952094184028,62.96326754385965,92,24,MIDI-Unprocessed_01_R1_2006_01-09_ORIG_MID--AUDIO_01_R1_2006_04_Track04_wav.midi,2006
5126,63.71459227467811,0.15744260266289478,68.74931720639876,102,22,MIDI-Unprocessed_01_R1_2006_01-09_ORIG_MID--AUDIO_01_R1_2006_05_Track05_wav.midi,2006
6132,64.71559034572734,0.21129635858338783,61.41748206131768,100,29,MIDI-Unprocessed_01_R2_2006_01_ORIG_MID--AUDIO_01_R2_2006_01_Track01_wav.midi,2006
2214,64.48193315266487,0.36508911096055374,62.59168925022583,100,30,MIDI-Unprocessed_01_R2_2006_01_ORIG_MID--AUDIO_01_R2_2006_02_Track02_wav.midi,2006
8618,65.90566256672082,0.1843587126266731,62.93211882107217,100,28,MIDI-Unprocessed_01_R2_2006_01_ORIG_MID--AUDIO_01_R2_2006_03_Track03_wav.midi,2006
7000,67.50028571428571,0.274930059523809,62.064,89,29,MIDI-Unprocessed_02_R1_2006_01-04_ORIG_MID--AUDIO_02_R1_2006_01_Track01_wav.midi,2006
8521,62.00281657082502,0.4415284969976144,62.41650041074991,99,21,MIDI-Unprocessed_02_R1_2006_01-04_ORIG_MID--AUDIO_02_R1_2006_02_Track02_wav.midi,2006
9728,67.45127467105263,0.11612514027378036,67.89288651315789,107,21,MIDI-Unprocessed_02_R1_2006_01-04_ORIG_MID--AUDIO_02_R1_2006_03_Track03_wav.midi,2006
7716,64.99222395023328,0.2785347951226894,60.76321928460342,105,24,MIDI-Unprocessed_03_R1_2006_01-05_ORIG_MID--AUDIO_03_R1_2006_04_Track04_wav.midi,2006
11691,63.46454537678556,0.1882102373977131,69.69968351723548,105,21,MIDI-Unprocessed_03_R1_2006_01-05_ORIG_MID--AUDIO_03_R1_2006_05_Track05_wav.midi,2006
6153,63.52787258248009,0.2186353032396119,68.90313668129367,101,24,MIDI-Unprocessed_04_R1_2006_01-04_ORIG_MID--AUDIO_04_R1_2006_01_Track01_wav.midi,2006
9738,65.03953583898131,0.2332179937273229,61.54148695830766,106,21,MIDI-Unprocessed_04_R1_2006_01-04_ORIG_MID--AUDIO_04_R1_2006_02_Track02_wav.midi,2006
12055,69.96200746578184,0.11981607735379488,76.30095396101203,107,24,MIDI-Unprocessed_04_R1_2006_01-04_ORIG_MID--AUDIO_04_R1_2006_03_Track03_wav.midi,2006
16340,63.08047735618115,0.23130084021827826,73.23298653610772,104,24,MIDI-Unprocessed_04_R1_2006_01-04_ORIG_MID--AUDIO_04_R1_2006_04_Track04_wav.midi,2006
4612,67.28967909800521,0.18048422141514847,65.13096270598439,94,30,MIDI-Unprocessed_05_R1_2006_01-05_ORIG_MID--AUDIO_05_R1_2006_01_Track01_wav.midi,2006
5469,63.87365149021759,0.20972374596208915,58.65916986652039,103,25,MIDI-Unprocessed_05_R1_2006_01-05_ORIG_MID--AUDIO_05_R1_2006_02_Track02_wav.midi,2006
11356,66.07088763649172,0.2322529802527295,63.28531172948221,105,24,MIDI-Unprocessed_05_R1_2006_01-05_ORIG_MID--AUDIO_05_R1_2006_03_Track03_wav.midi,2006
7733,63.05664037242985,0.2229790346566663,54.922927712401396,101,29,MIDI-Unprocessed_05_R2_2006_01_ORIG_MID--AUDIO_05_R2_2006_01_Track01_wav.midi,2006
2290,57.04279475982533,0.49533126364628843,48.90786026200873,88,28,MIDI-Unprocessed_05_R2_2006_01_ORIG_MID--AUDIO_05_R2_2006_02_Track02_wav.midi,2006
8698,65.79420556449759,0.13087763829807605,63.35456426764774,101,29,MIDI-Unprocessed_05_R2_2006_01_ORIG_MID--AUDIO_05_R2_2006_03_Track03_wav.midi,2006
6729,66.0815871600535,0.24658563524793148,58.49918264229455,91,30,MIDI-Unprocessed_06_R1_2006_01-04_ORIG_MID--AUDIO_06_R1_2006_01_Track01_wav.midi,2006
6128,65.18407310704961,0.11879789320876841,67.5164817232376,101,24,MIDI-Unprocessed_06_R1_2006_01-04_ORIG_MID--AUDIO_06_R1_2006_02_Track02_wav.midi,2006
16072,63.57093081134893,0.24277826603202235,65.9785963165754,103,21,MIDI-Unprocessed_06_R1_2006_01-04_ORIG_MID--AUDIO_06_R1_2006_03_Track03_wav.midi,2006
13496,67.05949911084765,0.20762749147895643,65.75444576170717,105,21,MIDI-Unprocessed_06_R1_2006_01-04_ORIG_MID--AUDIO_06_R1_2006_04_Track04_wav.midi,2006
8130,61.21439114391144,0.20262546766092643,68.439975399754,106,21,MIDI-Unprocessed_07_R1_2006_01-04_ORIG_MID--AUDIO_07_R1_2006_01_Track01_wav.midi,2006
3975,62.38842767295598,0.3259050707547164,54.30893081761006,89,29,MIDI-Unprocessed_07_R1_2006_01-04_ORIG_MID--AUDIO_07_R1_2006_02_Track02_wav.midi,2006
13106,61.84259117961239,0.23726777891169362,62.5476880817946,101,24,MIDI-Unprocessed_07_R1_2006_01-04_ORIG_MID--AUDIO_07_R1_2006_03_Track03_wav.midi,2006
16966,65.64953436284334,0.09139149929761492,69.22150182718379,106,21,MIDI-Unprocessed_07_R1_2006_01-04_ORIG_MID--AUDIO_07_R1_2006_04_Track04_wav.midi,2006
6203,64.798807028857,0.21562525189424508,58.95131388038046,100,29,MIDI-Unprocessed_07_R2_2006_01_ORIG_MID--AUDIO_07_R2_2006_01_Track01_wav.midi,2006
2313,64.715953307393,0.3324832919008504,58.79247730220493,100,29,MIDI-Unprocessed_07_R2_2006_01_ORIG_MID--AUDIO_07_R2_2006_02_Track02_wav.midi,2006
2906,67.09566414315209,0.1458888936682724,62.658981417756365,100,32,MIDI-Unprocessed_07_R2_2006_01_ORIG_MID--AUDIO_07_R2_2006_03_Track03_wav.midi,2006
7045,65.68843151171043,0.16069242370475487,62.96763662171753,100,29,MIDI-Unprocessed_07_R2_2006_01_ORIG_MID--AUDIO_07_R2_2006_04_Track04_wav.midi,2006
7662,69.99634560167058,0.10104503148655707,68.1322109109893,105,21,MIDI-Unprocessed_08_R1_2006_01-04_ORIG_MID--AUDIO_08_R1_2006_Disk1_01_Track01_wav.midi,2006
3719,67.49825221833827,0.3070651412790175,59.771712826028505,89,29,MIDI-Unprocessed_08_R1_2006_01-04_ORIG_MID--AUDIO_08_R1_2006_Disk1_02_Track02_wav.midi,2006
16619,62.24845056862627,0.18879941946466863,66.35832480895361,101,24,MIDI-Unprocessed_08_R1_2006_01-04_ORIG_MID--AUDIO_08_R1_2006_Disk1_03_Track03_wav.midi,2006
6234,64.64035931985885,0.22825307787937102,59.8599615014437,100,29,MIDI-Unprocessed_08_R2_2006_01_ORIG_MID--AUDIO_08_R2_2006_01_Track01_wav.midi,2006
2230,64.30672645739911,0.3855077541106132,60.40582959641256,100,30,MIDI-Unprocessed_08_R2_2006_01_ORIG_MID--AUDIO_08_R2_2006_02_Track02_wav.midi,2006
9005,66.05508051082732,0.16183370349805723,63.95313714602998,100,29,MIDI-Unprocessed_08_R2_2006_01_ORIG_MID--AUDIO_08_R2_2006_03_Track03_wav.midi,2006
4923,55.5588056063376,0.2728669954803981,68.72354255535242,99,22,MIDI-Unprocessed_09_R1_2006_01-04_ORIG_MID--AUDIO_09_R1_2006_01_Track01_wav.midi,2006
12609,64.46926798318661,0.13668167743939522,69.32587834086763,104,21,MIDI-Unprocessed_09_R1_2006_01-04_ORIG_MID--AUDIO_09_R1_2006_02_Track02_wav.midi,2006
9608,62.149562864279766,0.201021446971274,67.59398417985012,101,23,MIDI-Unprocessed_09_R1_2006_01-04_ORIG_MID--AUDIO_09_R1_2006_03_Track03_wav.midi,2006
12940,66.06939721792891,0.10225821902369928,68.83500772797527,107,21,MIDI-Unprocessed_09_R1_2006_01-04_ORIG_MID--AUDIO_09_R1_2006_04_Track04_wav.midi,2006
7749,62.90037424183765,0.24378834500150526,54.632081558910826,101,29,MIDI-Unprocessed_09_R2_2006_01_ORIG_MID--AUDIO_09_R2_2006_01_Track01_wav.midi,2006
2287,57.073895933537386,0.5428286920638395,53.64713598600787,88,28,MIDI-Unprocessed_09_R2_2006_01_ORIG_MID--AUDIO_09_R2_2006_02_Track02_wav.midi,2006
9079,65.80019825972023,0.12094258843668508,62.797885229650845,101,29,MIDI-Unprocessed_09_R2_2006_01_ORIG_MID--AUDIO_09_R2_2006_03_Track03_wav.midi,2006
9177,62.42824452435436,0.3173415592877135,63.76702626130544,90,26,MIDI-Unprocessed_10_R1_2006_01-04_ORIG_MID--AUDIO_10_R1_2006_02_Track02_wav.midi,2006
15733,63.336363058539376,0.14683929678065222,69.87885336553741,101,27,MIDI-Unprocessed_10_R1_2006_01-04_ORIG_MID--AUDIO_10_R1_2006_03_Track03_wav.midi,2006
12401,64.49117006693008,0.12607612709324556,72.21038625917265,104,21,MIDI-Unprocessed_10_R1_2006_01-04_ORIG_MID--AUDIO_10_R1_2006_05_Track05_wav.midi,2006
2266,63.58296557811121,0.35967207726537237,64.05516328331862,84,33,MIDI-Unprocessed_11_R1_2006_01-06_ORIG_MID--AUDIO_11_R1_2006_01_Track01_wav.midi,2006
7932,62.843292990418554,0.31844309442763535,63.27937468482098,96,29,MIDI-Unprocessed_11_R1_2006_01-06_ORIG_MID--AUDIO_11_R1_2006_02_Track02_wav.midi,2006
5845,61.76321642429427,0.2073319878100941,57.395209580838326,99,29,MIDI-Unprocessed_11_R1_2006_01-06_ORIG_MID--AUDIO_11_R1_2006_04_Track04_wav.midi,2006
15977,62.64987169055517,0.30378891009993564,58.72435375852788,104,23,MIDI-Unprocessed_12_R1_2006_01-08_ORIG_MID--AUDIO_12_R1_2006_01_Track01_wav.midi,2006
6232,61.18405006418485,0.18897696198384684,58.394255455712454,100,22,MIDI-Unprocessed_12_R1_2006_01-08_ORIG_MID--AUDIO_12_R1_2006_02_Track02_wav.midi,2006
1064,69.72368421052632,0.25965915765977443,50.05921052631579,101,32,MIDI-Unprocessed_12_R1_2006_01-08_ORIG_MID--AUDIO_12_R1_2006_03_Track03_wav.midi,2006
2876,67.1470792767733,0.10475024991307373,61.83796940194715,108,27,MIDI-Unprocessed_12_R1_2006_01-08_ORIG_MID--AUDIO_12_R1_2006_04_Track04_wav.midi,2006
1345,62.973977695167285,0.327700975836431,51.131598513011156,95,27,MIDI-Unprocessed_12_R1_2006_01-08_ORIG_MID--AUDIO_12_R1_2006_05_Track05_wav.midi,2006
4740,64.634388185654,0.07104018328059072,59.42151898734177,103,24,MIDI-Unprocessed_12_R1_2006_01-08_ORIG_MID--AUDIO_12_R1_2006_06_Track06_wav.midi,2006
3816,60.005765199161424,0.08882248809835772,64.57389937106919,102,22,MIDI-Unprocessed_12_R1_2006_01-08_ORIG_MID--AUDIO_12_R1_2006_07_Track07_wav.midi,2006
2423,70.41560049525381,0.061443501513275454,65.19768881551795,105,33,MIDI-Unprocessed_12_R1_2006_01-08_ORIG_MID--AUDIO_12_R1_2006_08_Track08_wav.midi,2006
5623,62.913747110083584,0.18437828820617727,73.14120576204873,104,21,MIDI-Unprocessed_13_R1_2006_01-06_ORIG_MID--AUDIO_13_R1_2006_01_Track01_wav.midi,2006
7892,61.10022807906741,0.35650256324970453,57.99417131272175,102,24,MIDI-Unprocessed_13_R1_2006_01-06_ORIG_MID--AUDIO_13_R1_2006_02_Track02_wav.midi,2006
1608,66.08644278606965,0.35736519226782787,51.88370646766169,104,28,MIDI-Unprocessed_13_R1_2006_01-06_ORIG_MID--AUDIO_13_R1_2006_04_Track04_wav.midi,2006
8357,66.21108053129113,0.12047441516094282,75.3999042718679,105,24,MIDI-Unprocessed_13_R1_2006_01-06_ORIG_MID--AUDIO_13_R1_2006_05_Track05_wav.midi,2006
4771,63.76189478096835,0.2553557080975338,62.28673234122825,102,25,MIDI-Unprocessed_13_R1_2006_01-06_ORIG_MID--AUDIO_13_R1_2006_06_Track06_wav.midi,2006
20138,62.12737113913993,0.1412875507953457,68.48967126824908,99,24,MIDI-Unprocessed_14_R1_2006_01-05_ORIG_MID--AUDIO_14_R1_2006_01_Track01_wav.midi,2006
7334,61.02904281428961,0.14397590275884042,63.012953367875646,106,23,MIDI-Unprocessed_14_R1_2006_01-05_ORIG_MID--AUDIO_14_R1_2006_03_Track03_wav.midi,2006
4541,67.55912794538648,0.1394975409234383,67.98194230345739,106,22,MIDI-Unprocessed_14_R1_2006_01-05_ORIG_MID--AUDIO_14_R1_2006_04_Track04_wav.midi,2006
5065,66.65745310957551,0.2617202924481739,61.36920039486673,89,29,MIDI-Unprocessed_15_R1_2006_01-05_ORIG_MID--AUDIO_15_R1_2006_01_Track01_wav.midi,2006
7652,60.574882383690536,0.16900810245687342,68.3365133298484,101,25,MIDI-Unprocessed_15_R1_2006_01-05_ORIG_MID--AUDIO_15_R1_2006_02_Track02_wav.midi,2006
5323,71.95510050723276,0.13790415218548469,68.90494082284427,103,25,MIDI-Unprocessed_15_R1_2006_01-05_ORIG_MID--AUDIO_15_R1_2006_04_Track04_wav.midi,2006
7436,67.00954814416353,0.3274398127913751,62.89416352877891,89,29,MIDI-Unprocessed_16_R1_2006_01-04_ORIG_MID--AUDIO_16_R1_2006_01_Track01_wav.midi,2006
4610,64.42603036876356,0.3445366165039768,62.114316702819956,97,23,MIDI-Unprocessed_16_R1_2006_01-04_ORIG_MID--AUDIO_16_R1_2006_02_Track02_wav.midi,2006
19195,62.08205261786924,0.18491910056872474,69.25897369106538,101,24,MIDI-Unprocessed_16_R1_2006_01-04_ORIG_MID--AUDIO_16_R1_2006_03_Track03_wav.midi,2006
7582,63.03020311263519,0.26040979732700265,55.80269058295964,101,29,MIDI-Unprocessed_16_R2_2006_01_ORIG_MID--AUDIO_16_R2_2006_01_Track01_wav.midi,2006
2282,57.062664329535494,0.6371991856558574,49.760736196319016,88,28,MIDI-Unprocessed_16_R2_2006_01_ORIG_MID--AUDIO_16_R2_2006_02_Track02_wav.midi,2006
8782,65.85709405602368,0.14227047037500945,62.998861307219315,101,28,MIDI-Unprocessed_16_R2_2006_01_ORIG_MID--AUDIO_16_R2_2006_03_Track03_wav.midi,2006
4558,62.845985081175954,0.18890663851104275,73.05638437911365,104,24,MIDI-Unprocessed_17_R1_2006_01-06_ORIG_MID--AUDIO_17_R1_2006_01_Track01_wav.midi,2006
6391,62.2013769363167,0.2617244546367285,65.06915975590674,101,24,MIDI-Unprocessed_17_R1_2006_01-06_ORIG_MID--AUDIO_17_R1_2006_02_Track02_wav.midi,2006
4019,68.43319233640209,0.1302604944223272,65.00821099776064,107,24,MIDI-Unprocessed_17_R1_2006_01-06_ORIG_MID--AUDIO_17_R1_2006_04_Track04_wav.midi,2006
6031,65.74515005803349,0.13646118319239467,62.307743326148234,101,28,MIDI-Unprocessed_18_R1_2006_01-05_ORIG_MID--AUDIO_18_R1_2006_01_Track01_wav.midi,2006
2973,67.14026236125126,0.061074847236237094,60.25361587621931,108,21,MIDI-Unprocessed_18_R1_2006_01-05_ORIG_MID--AUDIO_18_R1_2006_02_Track02_wav.midi,2006
4230,64.38203309692672,0.20288089785263977,64.02056737588653,103,22,MIDI-Unprocessed_18_R1_2006_01-05_ORIG_MID--AUDIO_18_R1_2006_03_Track03_wav.midi,2006
11736,70.09117246080436,0.07731341687258612,68.3502044989775,105,21,MIDI-Unprocessed_18_R1_2006_01-05_ORIG_MID--AUDIO_18_R1_2006_04_Track04_wav.midi,2006
15841,62.93725143614671,0.1982640313637621,65.751404583044,106,24,MIDI-Unprocessed_18_R1_2006_01-05_ORIG_MID--AUDIO_18_R1_2006_05_Track05_wav.midi,2006
1302,63.22811059907834,0.7005468349974397,59.38095238095238,84,36,MIDI-Unprocessed_19_R1_2006_01-07_ORIG_MID--AUDIO_19_R1_2006_01_Track01_wav.midi,2006
3900,66.93871794871795,0.20026141826923025,66.63564102564102,88,30,MIDI-Unprocessed_19_R1_2006_01-07_ORIG_MID--AUDIO_19_R1_2006_02_Track02_wav.midi,2006
15379,64.97106443852006,0.24707935062964764,67.71213993107484,103,24,MIDI-Unprocessed_19_R1_2006_01-07_ORIG_MID--AUDIO_19_R1_2006_03_Track03_wav.midi,2006
5392,61.41728486646884,0.21200751692321937,62.15912462908012,98,21,MIDI-Unprocessed_19_R1_2006_01-07_ORIG_MID--AUDIO_19_R1_2006_04_Track04_wav.midi,2006
1824,66.96436403508773,0.5575336657072368,48.235197368421055,101,32,MIDI-Unprocessed_19_R1_2006_01-07_ORIG_MID--AUDIO_19_R1_2006_06_Track06_wav.midi,2006
5127,66.36824653793641,0.11545418251414095,68.49132046030817,105,25,MIDI-Unprocessed_19_R1_2006_01-07_ORIG_MID--AUDIO_19_R1_2006_07_Track07_wav.midi,2006
7719,61.11011789091851,0.20400182720127805,67.75126311698406,106,24,MIDI-Unprocessed_20_R1_2006_01-04_ORIG_MID--AUDIO_20_R1_2006_01_Track01_wav.midi,2006
13058,61.845228978404045,0.22279036717593284,63.63685097258386,101,24,MIDI-Unprocessed_20_R1_2006_01-04_ORIG_MID--AUDIO_20_R1_2006_04_Track04_wav.midi,2006
6161,66.35919493588703,0.18686428069036398,71.57652978412595,94,21,MIDI-Unprocessed_21_R1_2006_01-04_ORIG_MID--AUDIO_21_R1_2006_01_Track01_wav.midi,2006
10017,64.11670160726764,0.22930601311104393,63.90875511630229,100,28,MIDI-Unprocessed_21_R1_2006_01-04_ORIG_MID--AUDIO_21_R1_2006_02_Track02_wav.midi,2006
7042,67.5204487361545,0.2643883721480638,67.6147401306447,89,29,MIDI-Unprocessed_22_R1_2006_01-04_ORIG_MID--AUDIO_22_R1_2006_01_Track01_wav.midi,2006
8231,61.18090147005224,0.2854591888389427,68.40505406390476,100,23,MIDI-Unprocessed_22_R1_2006_01-04_ORIG_MID--AUDIO_22_R1_2006_02_Track02_wav.midi,2006
15388,63.233623602807384,0.24113588239753925,64.91252924356641,103,22,MIDI-Unprocessed_22_R1_2006_01-04_ORIG_MID--AUDIO_22_R1_2006_04_Track04_wav.midi,2006
4213,61.128174697365296,0.24014273775615214,66.55661049133634,96,28,MIDI-Unprocessed_22_R2_2006_01_ORIG_MID--AUDIO_22_R2_2006_01_Track01_wav.midi,2006
6715,64.52673119880863,0.20870466461901274,59.64318689501117,100,29,MIDI-Unprocessed_22_R2_2006_01_ORIG_MID--AUDIO_22_R2_2006_02_Track02_wav.midi,2006
4342,64.69461077844312,0.18491622524182405,63.64210041455551,93,31,MIDI-Unprocessed_22_R2_2006_01_ORIG_MID--AUDIO_22_R2_2006_03_Track03_wav.midi,2006
3845,66.10247074122236,0.11521117793671413,72.34772431729519,100,29,MIDI-Unprocessed_22_R2_2006_01_ORIG_MID--AUDIO_22_R2_2006_04_Track04_wav.midi,2006
7563,68.67010445590374,0.18252064601789417,63.3449689276742,89,29,MIDI-Unprocessed_23_R1_2006_01-05_ORIG_MID--AUDIO_23_R1_2006_02_Track02_wav.midi,2006
13409,60.5332985308375,0.30206604861162917,62.01357297337609,98,24,MIDI-Unprocessed_23_R1_2006_01-05_ORIG_MID--AUDIO_23_R1_2006_04_Track04_wav.midi,2006
5325,61.10854460093897,0.21690238654147134,63.777089201877935,96,28,MIDI-Unprocessed_23_R2_2006_01_ORIG_MID--AUDIO_23_R2_2006_01_Track01_wav.midi,2006
6537,64.49762888175003,0.18122542036357123,58.029983172709194,100,29,MIDI-Unprocessed_23_R2_2006_01_ORIG_MID--AUDIO_23_R2_2006_02_Track02_wav.midi,2006
4243,64.65331133631864,0.17821110996543363,60.98962997878859,93,31,MIDI-Unprocessed_23_R2_2006_01_ORIG_MID--AUDIO_23_R2_2006_03_Track03_wav.midi,2006
3832,66.04514613778706,0.10292302757480867,69.16127348643006,100,31,MIDI-Unprocessed_23_R2_2006_01_ORIG_MID--AUDIO_23_R2_2006_04_Track04_wav.midi,2006
6407,63.86343062275636,0.2341774621507727,66.01311066021539,89,29,MIDI-Unprocessed_24_R1_2006_01-05_ORIG_MID--AUDIO_24_R1_2006_01_Track01_wav.midi,2006
6077,65.77719269376337,0.2060467061598374,59.821128846470295,103,22,MIDI-Unprocessed_24_R1_2006_01-05_ORIG_MID--AUDIO_24_R1_2006_02_Track02_wav.midi,2006
3878,61.19468798349665,0.2122536853188931,71.29886539453327,92,24,MIDI-Unprocessed_24_R1_2006_01-05_ORIG_MID--AUDIO_24_R1_2006_03_Track03_wav.midi,2006
2318,64.58498705780846,0.2194611464624681,69.46591889559966,93,28,MIDI-Unprocessed_24_R1_2006_01-05_ORIG_MID--AUDIO_24_R1_2006_04_Track04_wav.midi,2006
16793,63.289465848865596,0.15238298385736113,73.69779074614422,103,21,MIDI-Unprocessed_24_R1_2006_01-05_ORIG_MID--AUDIO_24_R1_2006_05_Track05_wav.midi,2006
2326,63.56319862424763,0.3767152120951563,64.96259673258814,84,38,MIDI-Unprocessed_01_R1_2008_01-04_ORIG_MID--AUDIO_01_R1_2008_wav--1.midi,2008
2722,67.34827332843497,0.250026787901053,62.86076414401175,92,30,MIDI-Unprocessed_01_R1_2008_01-04_ORIG_MID--AUDIO_01_R1_2008_wav--2.midi,2008
1904,63.81144957983193,0.22797810530462187,57.450630252100844,104,22,MIDI-Unprocessed_01_R1_2008_01-04_ORIG_MID--AUDIO_01_R1_2008_wav--3.midi,2008
2246,64.18521816562779,0.1122899042742651,68.05832591273375,84,37,MIDI-Unprocessed_02_R1_2008_01-05_ORIG_MID--AUDIO_02_R1_2008_wav--1.midi,2008
2198,64.22793448589627,0.1312764207992116,64.51319381255686,89,29,MIDI-Unprocessed_02_R1_2008_01-05_ORIG_MID--AUDIO_02_R1_2008_wav--2.midi,2008
1618,64.93881334981458,0.05564273666048617,65.50679851668727,89,40,MIDI-Unprocessed_02_R1_2008_01-05_ORIG_MID--AUDIO_02_R1_2008_wav--3.midi,2008
7062,68.02931180968564,0.09217079527754155,68.70404984423676,102,26,MIDI-Unprocessed_02_R1_2008_01-05_ORIG_MID--AUDIO_02_R1_2008_wav--4.midi,2008
2330,74.02532188841202,0.19335322782546482,58.45064377682404,102,29,MIDI-Unprocessed_02_R1_2008_01-05_ORIG_MID--AUDIO_02_R1_2008_wav--5.midi,2008
3151,65.11678832116789,0.12532438445467053,65.09425579181212,101,30,MIDI-Unprocessed_02_R2_2008_01-05_ORIG_MID--AUDIO_02_R2_2008_wav--1.midi,2008
2449,66.29358922008983,0.15803963352388734,63.4569211923234,100,24,MIDI-Unprocessed_02_R2_2008_01-05_ORIG_MID--AUDIO_02_R2_2008_wav--3.midi,2008
1688,61.97689573459716,0.060444281941153116,71.19016587677726,100,28,MIDI-Unprocessed_02_R2_2008_01-05_ORIG_MID--AUDIO_02_R2_2008_wav--4.midi,2008
3734,67.1689876807713,0.12909629697821823,62.11006963042314,103,23,MIDI-Unprocessed_02_R2_2008_01-05_ORIG_MID--AUDIO_02_R2_2008_wav--5.midi,2008
7279,62.863992306635524,0.11179527579337846,63.01442505838714,96,29,MIDI-Unprocessed_02_R3_2008_01-03_ORIG_MID--AUDIO_02_R3_2008_wav--1.midi,2008
4195,62.45315852205006,0.17897732916170042,62.152562574493444,100,26,MIDI-Unprocessed_02_R3_2008_01-03_ORIG_MID--AUDIO_02_R3_2008_wav--2.midi,2008
12827,63.494893583846576,0.12170850143577319,62.055429952444065,101,24,MIDI-Unprocessed_02_R3_2008_01-03_ORIG_MID--AUDIO_02_R3_2008_wav--3.midi,2008
2945,62.4597623089983,0.3021748549801919,68.57555178268251,84,36,MIDI-Unprocessed_03_R1_2008_01-04_ORIG_MID--AUDIO_03_R1_2008_wav--1.midi,2008
6361,62.01257663889326,0.17604653847665483,67.5558874390819,96,29,MIDI-Unprocessed_03_R1_2008_01-04_ORIG_MID--AUDIO_03_R1_2008_wav--2.midi,2008
2239,63.849933005806164,0.0902386202917969,74.82715497990174,100,24,MIDI-Unprocessed_03_R1_2008_01-04_ORIG_MID--AUDIO_03_R1_2008_wav--3.midi,2008
5547,71.70849107625743,0.12817434161108107,72.40562466197945,103,24,MIDI-Unprocessed_03_R1_2008_01-04_ORIG_MID--AUDIO_03_R1_2008_wav--4.midi,2008
4968,59.45309983896941,0.24039975635735394,57.68981481481482,92,29,MIDI-Unprocessed_03_R2_2008_01-03_ORIG_MID--AUDIO_03_R2_2008_wav--1.midi,2008
4206,65.24774132192107,0.5336718254675861,70.3247741321921,102,27,MIDI-Unprocessed_03_R2_2008_01-03_ORIG_MID--AUDIO_03_R2_2008_wav--2.midi,2008
10284,67.6022948269156,0.0893489482043305,72.59879424348503,106,21,MIDI-Unprocessed_03_R2_2008_01-03_ORIG_MID--AUDIO_03_R2_2008_wav--3.midi,2008
7359,62.81437695339041,0.1474848683018528,68.83421660551706,96,29,MIDI-Unprocessed_03_R3_2008_01-03_ORIG_MID--AUDIO_03_R3_2008_wav--1.midi,2008
2176,62.447150735294116,0.3951996447993264,69.58777573529412,82,36,MIDI-Unprocessed_04_R1_2008_01-04_ORIG_MID--AUDIO_04_R1_2008_wav--1.midi,2008
3516,66.22212741751991,0.13377350860352635,63.41012514220705,89,29,MIDI-Unprocessed_04_R1_2008_01-04_ORIG_MID--AUDIO_04_R1_2008_wav--2.midi,2008
8649,68.08058735113886,0.09455467515512389,70.48999884379697,103,24,MIDI-Unprocessed_04_R1_2008_01-04_ORIG_MID--AUDIO_04_R1_2008_wav--4.midi,2008
3134,65.15890236119975,0.10180928924696885,59.14486279514997,104,21,MIDI-Unprocessed_04_R2_2008_01-04_ORIG_MID--AUDIO_04_R2_2008_wav--1.midi,2008
4282,65.69126576366185,0.21496872810602574,55.24451191032228,97,32,MIDI-Unprocessed_04_R2_2008_01-04_ORIG_MID--AUDIO_04_R2_2008_wav--3.midi,2008
11818,70.32162802504654,0.10772442372510843,69.28879675071924,105,24,MIDI-Unprocessed_04_R2_2008_01-04_ORIG_MID--AUDIO_04_R2_2008_wav--4.midi,2008
7301,62.94822627037392,0.15183297522028943,65.50677989316532,96,29,MIDI-Unprocessed_04_R3_2008_01-07_ORIG_MID--AUDIO_04_R3_2008_wav--1.midi,2008
636,61.48270440251572,0.20610587002096425,77.12421383647799,105,24,MIDI-Unprocessed_04_R3_2008_01-07_ORIG_MID--AUDIO_04_R3_2008_wav--2.midi,2008
1911,62.242281527995814,0.38095033686551544,56.00470957613815,101,29,MIDI-Unprocessed_04_R3_2008_01-07_ORIG_MID--AUDIO_04_R3_2008_wav--3.midi,2008
7158,64.85205364626991,0.09942728706808222,72.32858340318525,106,22,MIDI-Unprocessed_04_R3_2008_01-07_ORIG_MID--AUDIO_04_R3_2008_wav--4.midi,2008
4243,71.92882394532171,0.07271228592191042,61.426584963469246,101,29,MIDI-Unprocessed_04_R3_2008_01-07_ORIG_MID--AUDIO_04_R3_2008_wav--5.midi,2008
4057,65.39018979541534,0.11719969599868547,70.76238599950703,104,28,MIDI-Unprocessed_04_R3_2008_01-07_ORIG_MID--AUDIO_04_R3_2008_wav--6.midi,2008
5112,62.710093896713616,0.26778902582159614,63.76780125195618,101,24,MIDI-Unprocessed_04_R3_2008_01-07_ORIG_MID--AUDIO_04_R3_2008_wav--7.midi,2008
2328,61.97852233676976,0.544053819444444,59.62156357388316,83,37,MIDI-Unprocessed_05_R1_2008_01-04_ORIG_MID--AUDIO_05_R1_2008_wav--1.midi,2008
3332,60.56572629051621,0.10854029111644642,67.43217286914766,89,30,MIDI-Unprocessed_05_R1_2008_01-04_ORIG_MID--AUDIO_05_R1_2008_wav--2.midi,2008
2774,71.97656813266042,0.2824999812244654,50.891852919971164,99,23,MIDI-Unprocessed_05_R1_2008_01-04_ORIG_MID--AUDIO_05_R1_2008_wav--3.midi,2008
3944,60.775608519269774,0.15071416497633533,68.16861054766734,102,21,MIDI-Unprocessed_05_R1_2008_01-04_ORIG_MID--AUDIO_05_R1_2008_wav--4.midi,2008
1868,62.11670235546038,0.19747892130620998,62.684154175588866,83,35,MIDI-Unprocessed_06_R1_2008_01-04_ORIG_MID--AUDIO_06_R1_2008_wav--1.midi,2008
3194,61.30338134001252,0.24610638762784373,54.296806512210395,89,31,MIDI-Unprocessed_06_R1_2008_01-04_ORIG_MID--AUDIO_06_R1_2008_wav--2.midi,2008
3297,72.13406126781923,0.1371425096046911,65.68061874431301,105,29,MIDI-Unprocessed_06_R1_2008_01-04_ORIG_MID--AUDIO_06_R1_2008_wav--3.midi,2008
2207,73.24286361576802,0.23783817587977682,60.400996828273676,102,29,MIDI-Unprocessed_06_R1_2008_01-04_ORIG_MID--AUDIO_06_R1_2008_wav--4.midi,2008
563,63.48134991119005,0.9298609569271761,50.03552397868561,84,41,MIDI-Unprocessed_06_R2_2008_01-05_ORIG_MID--AUDIO_06_R2_2008_wav--1.midi,2008
5935,64.25779275484415,0.2304430812973883,51.74102780117944,101,29,MIDI-Unprocessed_06_R2_2008_01-05_ORIG_MID--AUDIO_06_R2_2008_wav--3.midi,2008
2019,70.04210004952947,0.26165103392768674,56.98018821198613,106,24,MIDI-Unprocessed_06_R2_2008_01-05_ORIG_MID--AUDIO_06_R2_2008_wav--4.midi,2008
2809,64.13385546457815,0.12424999258336315,60.12637949448202,103,22,MIDI-Unprocessed_06_R2_2008_01-05_ORIG_MID--AUDIO_06_R2_2008_wav--5.midi,2008
2355,62.28747346072187,0.15856112880396317,75.63651804670913,84,36,MIDI-Unprocessed_07_R1_2008_01-04_ORIG_MID--AUDIO_07_R1_2008_wav--1.midi,2008
2628,64.17085235920852,0.2362993880010146,70.26331811263319,96,28,MIDI-Unprocessed_07_R1_2008_01-04_ORIG_MID--AUDIO_07_R1_2008_wav--2.midi,2008
4189,60.99928383862497,0.12062905327444885,70.54261160181427,104,22,MIDI-Unprocessed_07_R1_2008_01-04_ORIG_MID--AUDIO_07_R1_2008_wav--3.midi,2008
7891,64.89443670003801,0.1275708349174163,73.94842225319985,106,21,MIDI-Unprocessed_07_R1_2008_01-04_ORIG_MID--AUDIO_07_R1_2008_wav--4.midi,2008
2551,57.341042728341826,0.4124669247353976,53.996471971775776,79,29,MIDI-Unprocessed_07_R2_2008_01-05_ORIG_MID--AUDIO_07_R2_2008_wav--1.midi,2008
509,62.54223968565815,0.406076047806156,56.923379174852656,83,30,MIDI-Unprocessed_07_R2_2008_01-05_ORIG_MID--AUDIO_07_R2_2008_wav--2.midi,2008
1868,62.933618843683085,0.10609190979657379,73.71948608137045,98,32,MIDI-Unprocessed_07_R2_2008_01-05_ORIG_MID--AUDIO_07_R2_2008_wav--3.midi,2008
4569,64.01094331363537,0.1961987944116148,72.12825563580652,101,24,MIDI-Unprocessed_07_R2_2008_01-05_ORIG_MID--AUDIO_07_R2_2008_wav--4.midi,2008
2104,69.00665399239544,0.1884183895754118,68.99904942965779,89,38,MIDI-Unprocessed_07_R3_2008_01-05_ORIG_MID--AUDIO_07_R3_2008_wav--1.midi,2008
7728,61.221014492753625,0.18889542626380246,76.11917701863354,101,26,MIDI-Unprocessed_07_R3_2008_01-05_ORIG_MID--AUDIO_07_R3_2008_wav--2.midi,2008
1564,65.13171355498721,0.2009728993499573,70.13746803069054,107,28,MIDI-Unprocessed_07_R3_2008_01-05_ORIG_MID--AUDIO_07_R3_2008_wav--3.midi,2008
962,65.997920997921,0.35537806436243885,56.04158004158004,98,34,MIDI-Unprocessed_07_R3_2008_01-05_ORIG_MID--AUDIO_07_R3_2008_wav--4.midi,2008
2343,63.840375586854464,0.09748230544885465,73.85616730687153,84,33,MIDI-Unprocessed_08_R1_2008_01-05_ORIG_MID--AUDIO_08_R1_2008_wav--1.midi,2008
2850,68.10736842105263,0.15531067251461958,63.96631578947368,89,29,MIDI-Unprocessed_08_R1_2008_01-05_ORIG_MID--AUDIO_08_R1_2008_wav--2.midi,2008
3154,62.07006975269499,0.08999319647009077,73.2425491439442,94,24,MIDI-Unprocessed_08_R1_2008_01-05_ORIG_MID--AUDIO_08_R1_2008_wav--3.midi,2008
6290,63.567408585055645,0.2245913652623213,67.90381558028616,101,24,MIDI-Unprocessed_08_R1_2008_01-05_ORIG_MID--AUDIO_08_R1_2008_wav--4.midi,2008
1311,70.08771929824562,0.056569611301805295,69.95423340961098,107,29,MIDI-Unprocessed_08_R1_2008_01-05_ORIG_MID--AUDIO_08_R1_2008_wav--5.midi,2008
5986,64.24239893083862,0.20663318576678952,65.23120614767791,101,24,MIDI-Unprocessed_08_R2_2008_01-04_ORIG_MID--AUDIO_08_R2_2008_wav--1.midi,2008
2607,57.1837360951285,0.4165862541554792,50.786728039892594,79,29,MIDI-Unprocessed_08_R2_2008_01-04_ORIG_MID--AUDIO_08_R2_2008_wav--2.midi,2008
4738,64.78408611228366,0.06216747133108217,66.38096243140566,103,26,MIDI-Unprocessed_08_R2_2008_01-04_ORIG_MID--AUDIO_08_R2_2008_wav--4.midi,2008
4776,63.64321608040201,0.2207385669667778,65.88693467336684,102,25,MIDI-Unprocessed_08_R3_2008_01-05_ORIG_MID--AUDIO_08_R3_2008_wav--1.midi,2008
11946,70.47112004018081,0.1048610893116252,71.81416373681567,105,21,MIDI-Unprocessed_08_R3_2008_01-05_ORIG_MID--AUDIO_08_R3_2008_wav--2.midi,2008
7598,61.22111081863648,0.18187386209090128,68.88049486707028,101,26,MIDI-Unprocessed_08_R3_2008_01-05_ORIG_MID--AUDIO_08_R3_2008_wav--3.midi,2008
1905,62.19002624671916,0.19929051837270323,69.83044619422571,83,35,MIDI-Unprocessed_09_R1_2008_01-05_ORIG_MID--AUDIO_09_R1_2008_wav--1.midi,2008
3239,61.70206853967274,0.1783026043274675,59.90305649891942,89,29,MIDI-Unprocessed_09_R1_2008_01-05_ORIG_MID--AUDIO_09_R1_2008_wav--2.midi,2008
4249,76.91033184278653,0.05445644073115254,68.01553306660391,102,27,MIDI-Unprocessed_09_R1_2008_01-05_ORIG_MID--AUDIO_09_R1_2008_wav--3.midi,2008
2562,64.53005464480874,0.08167345660941971,68.8247462919594,96,21,MIDI-Unprocessed_09_R1_2008_01-05_ORIG_MID--AUDIO_09_R1_2008_wav--4.midi,2008
5357,63.4795594549188,0.12117371741024191,71.83367556468173,100,26,MIDI-Unprocessed_09_R1_2008_01-05_ORIG_MID--AUDIO_09_R1_2008_wav--5.midi,2008
3116,65.17265725288831,0.17720451567180137,62.86200256739409,101,30,MIDI-Unprocessed_09_R2_2008_01-05_ORIG_MID--AUDIO_09_R2_2008_wav--1.midi,2008
2169,67.41124942369756,0.1688223979944673,59.63577685569387,100,27,MIDI-Unprocessed_09_R2_2008_01-05_ORIG_MID--AUDIO_09_R2_2008_wav--2.midi,2008
4651,59.837669318426144,0.13742956263885897,64.25951408299291,93,26,MIDI-Unprocessed_09_R2_2008_01-05_ORIG_MID--AUDIO_09_R2_2008_wav--3.midi,2008
6972,68.85269650028687,0.11426565637550207,68.52839931153184,106,23,MIDI-Unprocessed_09_R2_2008_01-05_ORIG_MID--AUDIO_09_R2_2008_wav--5.midi,2008
1113,68.52920035938904,0.3213677373465106,51.3737646001797,87,31,MIDI-Unprocessed_09_R3_2008_01-07_ORIG_MID--AUDIO_09_R3_2008_wav--1.midi,2008
882,67.44671201814059,0.09166548563870001,69.2358276643991,89,31,MIDI-Unprocessed_09_R3_2008_01-07_ORIG_MID--AUDIO_09_R3_2008_wav--2.midi,2008
1234,66.97893030794165,0.1619553197595893,57.974878444084275,86,33,MIDI-Unprocessed_09_R3_2008_01-07_ORIG_MID--AUDIO_09_R3_2008_wav--3.midi,2008
7290,62.89588477366255,0.1695312499999999,63.400137174211245,96,29,MIDI-Unprocessed_09_R3_2008_01-07_ORIG_MID--AUDIO_09_R3_2008_wav--4.midi,2008
6015,63.53715710723192,0.1950492691881409,61.65619285120532,101,24,MIDI-Unprocessed_09_R3_2008_01-07_ORIG_MID--AUDIO_09_R3_2008_wav--5.midi,2008
5589,65.21613884415817,0.07975254592354034,72.84648416532474,108,21,MIDI-Unprocessed_09_R3_2008_01-07_ORIG_MID--AUDIO_09_R3_2008_wav--7.midi,2008
2241,64.20392681838464,0.12410812230403119,65.66354306113342,84,37,MIDI-Unprocessed_10_R1_2008_01-04_ORIG_MID--AUDIO_10_R1_2008_wav--1.midi,2008
4368,64.2827380952381,0.19658686040522005,68.77999084249085,89,29,MIDI-Unprocessed_10_R1_2008_01-04_ORIG_MID--AUDIO_10_R1_2008_wav--2.midi,2008
5916,65.08739012846517,0.16757169821951792,68.05223123732252,101,24,MIDI-Unprocessed_10_R1_2008_01-04_ORIG_MID--AUDIO_10_R1_2008_wav--3.midi,2008
4133,76.77498185337527,0.06354941678764398,68.80329058795064,102,27,MIDI-Unprocessed_10_R1_2008_01-04_ORIG_MID--AUDIO_10_R1_2008_wav--4.midi,2008
860,67.95813953488373,0.19841327519379853,60.9046511627907,84,33,MIDI-Unprocessed_10_R2_2008_01-05_ORIG_MID--AUDIO_10_R2_2008_wav--1.midi,2008
1770,67.44350282485875,0.10749470338983057,67.0858757062147,86,33,MIDI-Unprocessed_10_R2_2008_01-05_ORIG_MID--AUDIO_10_R2_2008_wav--2.midi,2008
7751,69.27777061024383,0.09670895959661165,66.37569345890853,104,26,MIDI-Unprocessed_10_R2_2008_01-05_ORIG_MID--AUDIO_10_R2_2008_wav--3.midi,2008
4239,65.58079735786743,0.16231901686718578,56.31988676574664,97,31,MIDI-Unprocessed_10_R2_2008_01-05_ORIG_MID--AUDIO_10_R2_2008_wav--4.midi,2008
7397,61.330269027984315,0.18399263073993985,66.40611058537245,101,26,MIDI-Unprocessed_10_R3_2008_01-05_ORIG_MID--AUDIO_10_R3_2008_wav--1.midi,2008
1573,64.29942784488239,0.21232815479974565,60.10998092816275,107,28,MIDI-Unprocessed_10_R3_2008_01-05_ORIG_MID--AUDIO_10_R3_2008_wav--2.midi,2008
1581,64.50853889943075,0.16253063725490224,52.49335863377609,100,26,MIDI-Unprocessed_10_R3_2008_01-05_ORIG_MID--AUDIO_10_R3_2008_wav--3.midi,2008
3054,66.25605762933857,0.08805391835843705,59.72560576293386,108,21,MIDI-Unprocessed_10_R3_2008_01-05_ORIG_MID--AUDIO_10_R3_2008_wav--4.midi,2008
9444,67.86700550614147,0.14222296122758704,62.340321897501056,101,24,MIDI-Unprocessed_10_R3_2008_01-05_ORIG_MID--AUDIO_10_R3_2008_wav--5.midi,2008
1901,61.91741188847975,0.47475013150973167,57.17148869016307,84,36,MIDI-Unprocessed_11_R1_2008_01-04_ORIG_MID--AUDIO_11_R1_2008_wav--1.midi,2008
5998,67.46032010670224,0.21101369727409156,58.29043014338113,94,30,MIDI-Unprocessed_11_R1_2008_01-04_ORIG_MID--AUDIO_11_R1_2008_wav--2.midi,2008
1640,58.66341463414634,0.5768133892276427,57.49390243902439,94,24,MIDI-Unprocessed_11_R1_2008_01-04_ORIG_MID--AUDIO_11_R1_2008_wav--3.midi,2008
3296,67.90200242718447,0.1458321481846681,69.3935072815534,101,24,MIDI-Unprocessed_11_R1_2008_01-04_ORIG_MID--AUDIO_11_R1_2008_wav--4.midi,2008
1308,64.24847094801223,0.08180627229867479,61.07645259938838,92,30,MIDI-Unprocessed_11_R2_2008_01-05_ORIG_MID--AUDIO_11_R2_2008_wav--2.midi,2008
6499,63.780889367595016,0.2299600579576344,52.65548545930143,101,29,MIDI-Unprocessed_11_R2_2008_01-05_ORIG_MID--AUDIO_11_R2_2008_wav--3.midi,2008
2787,65.6114101184069,0.2722414708168879,53.58414065303194,104,25,MIDI-Unprocessed_11_R2_2008_01-05_ORIG_MID--AUDIO_11_R2_2008_wav--5.midi,2008
2738,63.33308984660336,0.32287386626491343,60.191745799853905,83,37,MIDI-Unprocessed_11_R3_2008_01-04_ORIG_MID--AUDIO_11_R3_2008_wav--1.midi,2008
7594,60.71135106663155,0.22363152653410534,62.89030813800369,101,26,MIDI-Unprocessed_11_R3_2008_01-04_ORIG_MID--AUDIO_11_R3_2008_wav--2.midi,2008
9502,67.89644285413597,0.15606870593033093,59.9461166070301,101,23,MIDI-Unprocessed_11_R3_2008_01-04_ORIG_MID--AUDIO_11_R3_2008_wav--4.midi,2008
2244,68.06907308377896,0.25029070577094487,62.409982174688054,89,31,MIDI-Unprocessed_12_R1_2008_01-04_ORIG_MID--AUDIO_12_R1_2008_wav--1.midi,2008
2358,62.27692960135708,0.16319610103901613,71.80746395250212,84,31,MIDI-Unprocessed_12_R1_2008_01-04_ORIG_MID--AUDIO_12_R1_2008_wav--2.midi,2008
2495,63.72424849699399,0.09306790664662665,70.73466933867735,96,21,MIDI-Unprocessed_12_R1_2008_01-04_ORIG_MID--AUDIO_12_R1_2008_wav--3.midi,2008
6004,61.90273151232512,0.23192415993504356,63.63940706195869,101,24,MIDI-Unprocessed_12_R1_2008_01-04_ORIG_MID--AUDIO_12_R1_2008_wav--4.midi,2008
2980,63.05805369127517,0.3205694211409392,69.8231543624161,84,36,MIDI-Unprocessed_12_R2_2008_01-04_ORIG_MID--AUDIO_12_R2_2008_wav--1.midi,2008
3122,65.20435618193466,0.16630423539931674,65.51633568225496,101,30,MIDI-Unprocessed_12_R2_2008_01-04_ORIG_MID--AUDIO_12_R2_2008_wav--2.midi,2008
5801,68.62609894845717,0.13562788204619855,63.08326150663679,103,29,MIDI-Unprocessed_12_R2_2008_01-04_ORIG_MID--AUDIO_12_R2_2008_wav--3.midi,2008
7185,63.07654836464857,0.15731377580607808,66.6750173973556,96,29,MIDI-Unprocessed_12_R3_2008_01-04_ORIG_MID--AUDIO_12_R3_2008_wav--1.midi,2008
5963,63.40248197216167,0.20387157436133885,60.645648163676,101,24,MIDI-Unprocessed_12_R3_2008_01-04_ORIG_MID--AUDIO_12_R3_2008_wav--2.midi,2008
1248,66.4775641025641,0.3153263972355767,56.85977564102564,96,27,MIDI-Unprocessed_12_R3_2008_01-04_ORIG_MID--AUDIO_12_R3_2008_wav--3.midi,2008
1543,62.11211924821776,0.3500072572369841,62.9799092676604,84,36,MIDI-Unprocessed_13_R1_2008_01-04_ORIG_MID--AUDIO_13_R1_2008_wav--1.midi,2008
1609,66.18272218769422,0.18568566138388232,62.38036047234307,88,32,MIDI-Unprocessed_13_R1_2008_01-04_ORIG_MID--AUDIO_13_R1_2008_wav--2.midi,2008
7886,66.17727618564545,0.12463642055541435,68.02675627694649,105,23,MIDI-Unprocessed_13_R1_2008_01-04_ORIG_MID--AUDIO_13_R1_2008_wav--4.midi,2008
1824,64.7905701754386,0.24675121641995604,61.94298245614035,83,38,MIDI-Unprocessed_14_R1_2008_01-05_ORIG_MID--AUDIO_14_R1_2008_wav--1.midi,2008
3795,68.14545454545454,0.11580581631532727,65.21159420289855,89,33,MIDI-Unprocessed_14_R1_2008_01-05_ORIG_MID--AUDIO_14_R1_2008_wav--2.midi,2008
3097,71.18695511785599,0.0657196816811969,68.80561834032935,103,30,MIDI-Unprocessed_14_R1_2008_01-05_ORIG_MID--AUDIO_14_R1_2008_wav--3.midi,2008
1728,72.95601851851852,0.3557362497588732,51.345486111111114,101,32,MIDI-Unprocessed_14_R1_2008_01-05_ORIG_MID--AUDIO_14_R1_2008_wav--4.midi,2008
2378,62.3915054667788,0.14310103903840765,68.67283431455004,84,36,MIDI-Unprocessed_15_R1_2008_01-04_ORIG_MID--AUDIO_15_R1_2008_wav--1.midi,2008
6536,61.75168298653611,0.1558342337948797,64.15146878824969,93,29,MIDI-Unprocessed_15_R1_2008_01-04_ORIG_MID--AUDIO_15_R1_2008_wav--2.midi,2008
4055,62.1482120838471,0.23587970098643654,64.99975339087547,100,26,MIDI-Unprocessed_15_R1_2008_01-04_ORIG_MID--AUDIO_15_R1_2008_wav--3.midi,2008
2239,69.06386779812416,0.10357639664284647,63.670835194283164,101,25,MIDI-Unprocessed_15_R1_2008_01-04_ORIG_MID--AUDIO_15_R1_2008_wav--4.midi,2008
1034,64.45647969052224,0.13357813507414557,55.88104448742747,82,37,MIDI-Unprocessed_15_R2_2008_01-04_ORIG_MID--AUDIO_15_R2_2008_wav--2.midi,2008
2168,63.76891143911439,0.18849097670664203,58.51383763837639,101,27,MIDI-Unprocessed_15_R2_2008_01-04_ORIG_MID--AUDIO_15_R2_2008_wav--3.midi,2008
4905,54.59062181447503,0.25152692830445095,68.6434250764526,99,22,MIDI-Unprocessed_15_R2_2008_01-04_ORIG_MID--AUDIO_15_R2_2008_wav--4.midi,2008
2218,61.515779981965736,0.3029785890066128,66.67448151487827,84,36,MIDI-Unprocessed_16_R1_2008_01-04_ORIG_MID--AUDIO_16_R1_2008_wav--1.midi,2008
3320,68.20451807228916,0.1907983496485949,66.0894578313253,89,29,MIDI-Unprocessed_16_R1_2008_01-04_ORIG_MID--AUDIO_16_R1_2008_wav--2.midi,2008
2911,59.9501889385091,0.21091647701248112,62.870147715561664,100,24,MIDI-Unprocessed_16_R1_2008_01-04_ORIG_MID--AUDIO_16_R1_2008_wav--3.midi,2008
4914,67.13268213268213,0.09463898851919683,71.13532763532764,101,28,MIDI-Unprocessed_16_R1_2008_01-04_ORIG_MID--AUDIO_16_R1_2008_wav--4.midi,2008
2034,62.77187807276303,0.4953031536791211,59.34857423795477,84,36,MIDI-Unprocessed_17_R1_2008_01-04_ORIG_MID--AUDIO_17_R1_2008_wav--1.midi,2008
3306,60.61252268602541,0.1009855029995967,62.38445251058681,89,30,MIDI-Unprocessed_17_R1_2008_01-04_ORIG_MID--AUDIO_17_R1_2008_wav--2.midi,2008
3369,71.96556841792817,0.1256663080043535,63.93826061145741,105,29,MIDI-Unprocessed_17_R1_2008_01-04_ORIG_MID--AUDIO_17_R1_2008_wav--3.midi,2008
2006,67.27417746759721,0.39786694603688927,61.876370887337984,103,24,MIDI-Unprocessed_17_R1_2008_01-04_ORIG_MID--AUDIO_17_R1_2008_wav--4.midi,2008
1133,63.88526037069727,0.4285118325242715,50.04589585172109,99,25,MIDI-Unprocessed_17_R2_2008_01-04_ORIG_MID--AUDIO_17_R2_2008_wav--1.midi,2008
4272,64.26029962546816,0.22470325179463144,63.06296816479401,103,22,MIDI-Unprocessed_17_R2_2008_01-04_ORIG_MID--AUDIO_17_R2_2008_wav--2.midi,2008
2531,57.39747135519558,0.32162641577768986,44.8340576847096,79,29,MIDI-Unprocessed_17_R2_2008_01-04_ORIG_MID--AUDIO_17_R2_2008_wav--3.midi,2008
2352,62.29974489795919,0.15707819586167793,64.9170918367347,84,36,MIDI-Unprocessed_18_R1_2008_01-04_ORIG_MID--AUDIO_18_R1_2008_wav--1.midi,2008
3213,61.76252723311547,0.17214084707957272,62.01338313103019,89,29,MIDI-Unprocessed_18_R1_2008_01-04_ORIG_MID--AUDIO_18_R1_2008_wav--2.midi,2008
4533,76.08052062651666,0.057680309673505605,71.02823737039488,102,27,MIDI-Unprocessed_18_R1_2008_01-04_ORIG_MID--AUDIO_18_R1_2008_wav--4.midi,2008
978,64.74130879345603,0.144016008435583,59.43456032719836,83,34,MIDI-Unprocessed_01_R1_2009_01-04_ORIG_MID--AUDIO_01_R1_2009_01_R1_2009_01_WAV.midi,2009
2196,63.40938069216758,0.10133599916514857,66.0924408014572,88,33,MIDI-Unprocessed_01_R1_2009_01-04_ORIG_MID--AUDIO_01_R1_2009_01_R1_2009_02_WAV.midi,2009
6382,62.23299905985584,0.2611376886817094,59.37543089940458,101,24,MIDI-Unprocessed_01_R1_2009_01-04_ORIG_MID--AUDIO_01_R1_2009_01_R1_2009_04_WAV.midi,2009
6736,68.83269002375297,0.19889960813786647,61.30567102137767,89,33,MIDI-Unprocessed_02_R1_2009_01-02_ORIG_MID--AUDIO_02_R1_2009_02_R1_2009_01_WAV.midi,2009
18819,62.160263563419946,0.12391967005862795,67.7097614113396,99,23,MIDI-Unprocessed_02_R1_2009_01-02_ORIG_MID--AUDIO_02_R1_2009_02_R1_2009_02_WAV.midi,2009
2367,63.23658639628221,0.308546441522321,54.82382762991128,99,35,MIDI-Unprocessed_02_R1_2009_03-06_ORIG_MID--AUDIO_02_R1_2009_02_R1_2009_03_WAV.midi,2009
783,64.26436781609195,0.3741535626862495,47.015325670498086,87,30,MIDI-Unprocessed_02_R1_2009_03-06_ORIG_MID--AUDIO_02_R1_2009_02_R1_2009_04_WAV.midi,2009
2828,59.83239038189533,0.1105523080209807,64.96711456859971,92,21,MIDI-Unprocessed_02_R1_2009_03-06_ORIG_MID--AUDIO_02_R1_2009_02_R1_2009_05_WAV.midi,2009
17016,64.0235660554772,0.20734797090483517,70.58151151857076,103,21,MIDI-Unprocessed_03_R1_2009_01-02_ORIG_MID--AUDIO_03_R1_2009_03_R1_2009_02_WAV.midi,2009
4530,66.8673289183223,0.13953935568432657,62.36843267108168,105,21,MIDI-Unprocessed_03_R1_2009_03-08_ORIG_MID--AUDIO_03_R1_2009_03_R1_2009_03_WAV.midi,2009
4348,62.46136154553818,0.2388978529400489,68.27621895124194,101,26,MIDI-Unprocessed_03_R1_2009_03-08_ORIG_MID--AUDIO_03_R1_2009_03_R1_2009_04_WAV.midi,2009
2509,62.396572339577524,0.2963949573203137,58.29015544041451,93,31,MIDI-Unprocessed_03_R1_2009_03-08_ORIG_MID--AUDIO_03_R1_2009_03_R1_2009_05_WAV.midi,2009
2725,64.52,0.14536745030581041,67.36880733944955,99,31,MIDI-Unprocessed_03_R1_2009_03-08_ORIG_MID--AUDIO_03_R1_2009_03_R1_2009_06_WAV.midi,2009
1107,62.94218608852755,0.31811413166214975,56.183378500451674,95,26,MIDI-Unprocessed_03_R1_2009_03-08_ORIG_MID--AUDIO_03_R1_2009_03_R1_2009_07_WAV.midi,2009
4206,70.17379933428435,0.13352359971865604,73.46671421778412,105,25,MIDI-Unprocessed_03_R1_2009_03-08_ORIG_MID--AUDIO_03_R1_2009_03_R1_2009_08_WAV.midi,2009
6939,66.58913388096268,0.17979952532785723,69.15938896094538,101,30,MIDI-Unprocessed_04_R1_2009_01-03_ORIG_MID--AUDIO_04_R1_2009_04_R1_2009_02_WAV.midi,2009
1963,66.8604177279674,0.42690954533876674,57.82068262862965,102,27,MIDI-Unprocessed_04_R1_2009_04-06_ORIG_MID--AUDIO_04_R1_2009_04_R1_2009_04_WAV.midi,2009
12537,69.53928372018824,0.09542099136555794,74.19861210815985,105,21,MIDI-Unprocessed_04_R1_2009_04-06_ORIG_MID--AUDIO_04_R1_2009_04_R1_2009_05_WAV.midi,2009
2680,70.36194029850746,0.09235026041666672,70.20783582089553,103,22,MIDI-Unprocessed_04_R1_2009_04-06_ORIG_MID--AUDIO_04_R1_2009_04_R1_2009_06_WAV.midi,2009
7267,67.95293793862668,0.173156298736297,62.66533645245631,88,30,MIDI-Unprocessed_05_R1_2009_01-02_ORIG_MID--AUDIO_05_R1_2009_05_R1_2009_01_WAV.midi,2009
12418,64.09937187952971,0.14080209927121887,68.14833306490578,104,21,MIDI-Unprocessed_05_R1_2009_01-02_ORIG_MID--AUDIO_05_R1_2009_05_R1_2009_02_WAV.midi,2009
13584,60.49830683156655,0.31212511425819595,62.07457302709069,98,24,MIDI-Unprocessed_05_R1_2009_03-05_ORIG_MID--AUDIO_05_R1_2009_05_R1_2009_03_WAV.midi,2009
13868,64.5206230170176,0.2363681226564755,56.764061147966544,99,24,MIDI-Unprocessed_06_R1_2009_01-02_ORIG_MID--AUDIO_06_R1_2009_06_R1_2009_02_WAV.midi,2009
994,62.71730382293762,0.16127494131455394,56.02414486921529,84,36,MIDI-Unprocessed_06_R1_2009_03-07_ORIG_MID--AUDIO_06_R1_2009_06_R1_2009_03_WAV.midi,2009
1383,62.64352856109906,0.06999615871294278,60.726681127982644,84,38,MIDI-Unprocessed_06_R1_2009_03-07_ORIG_MID--AUDIO_06_R1_2009_06_R1_2009_04_WAV.midi,2009
1756,58.683940774487475,0.4744455023253605,50.617312072892936,92,27,MIDI-Unprocessed_06_R1_2009_03-07_ORIG_MID--AUDIO_06_R1_2009_06_R1_2009_05_WAV.midi,2009
6446,62.36565311821285,0.25336974157099984,61.24030406453615,103,22,MIDI-Unprocessed_06_R1_2009_03-07_ORIG_MID--AUDIO_06_R1_2009_06_R1_2009_06_WAV.midi,2009
5864,64.9924965893588,0.18981017650068188,62.91166439290587,101,24,MIDI-Unprocessed_06_R1_2009_03-07_ORIG_MID--AUDIO_06_R1_2009_06_R1_2009_07_WAV.midi,2009
12300,63.36991869918699,0.2160293868563678,68.61585365853658,89,27,MIDI-Unprocessed_07_R1_2009_01-03_ORIG_MID--AUDIO_07_R1_2009_07_R1_2009_02_WAV.midi,2009
6392,62.38532540675845,0.27284960693053817,62.6331351689612,101,24,MIDI-Unprocessed_07_R1_2009_01-03_ORIG_MID--AUDIO_07_R1_2009_07_R1_2009_03_WAV.midi,2009
2354,65.3411214953271,0.37922540976352326,60.3428207306712,92,23,MIDI-Unprocessed_07_R1_2009_04-05_ORIG_MID--AUDIO_07_R1_2009_07_R1_2009_04_WAV.midi,2009
11451,63.18269146799406,0.22525962070270403,66.89310977207231,105,21,MIDI-Unprocessed_07_R1_2009_04-05_ORIG_MID--AUDIO_07_R1_2009_07_R1_2009_05_WAV.midi,2009
4935,60.18723404255319,0.19816098868625456,61.382776089159066,97,26,MIDI-Unprocessed_07_R2_2009_01_ORIG_MID--AUDIO_07_R2_2009_07_R2_2009_01_WAV.midi,2009
2777,58.47425279078142,0.40432571119913524,53.706157724162765,92,29,MIDI-Unprocessed_07_R2_2009_01_ORIG_MID--AUDIO_07_R2_2009_07_R2_2009_02_WAV.midi,2009
1733,60.61915753029429,0.1519102231198311,62.99192152336988,94,32,MIDI-Unprocessed_07_R2_2009_01_ORIG_MID--AUDIO_07_R2_2009_07_R2_2009_03_WAV.midi,2009
7295,61.424537354352296,0.0988533813114005,66.65181631254283,101,29,MIDI-Unprocessed_07_R2_2009_01_ORIG_MID--AUDIO_07_R2_2009_07_R2_2009_04_WAV.midi,2009
5707,67.50078850534432,0.18364280342853867,60.48922376029437,89,34,MIDI-Unprocessed_08_R1_2009_01-04_ORIG_MID--AUDIO_08_R1_2009_08_R1_2009_01_WAV.midi,2009
2048,61.6728515625,0.4580841064453121,51.96728515625,91,34,MIDI-Unprocessed_08_R1_2009_01-04_ORIG_MID--AUDIO_08_R1_2009_08_R1_2009_02_WAV.midi,2009
2868,62.54881450488145,0.23217035681078602,60.342747559274756,93,29,MIDI-Unprocessed_08_R1_2009_01-04_ORIG_MID--AUDIO_08_R1_2009_08_R1_2009_03_WAV.midi,2009
5000,60.8192,0.10045130208333333,63.0964,103,26,MIDI-Unprocessed_08_R1_2009_01-04_ORIG_MID--AUDIO_08_R1_2009_08_R1_2009_04_WAV.midi,2009
12039,62.887532187058724,0.2636952906526013,67.29454273610764,105,21,MIDI-Unprocessed_08_R1_2009_05-06_ORIG_MID--AUDIO_08_R1_2009_08_R1_2009_06_WAV.midi,2009
5632,64.2979403409091,0.37476973100142086,57.53444602272727,100,30,MIDI-Unprocessed_08_R2_2009_01_ORIG_MID--AUDIO_08_R2_2009_08_R2_2009_01_WAV.midi,2009
3067,63.67720899902184,0.309876304206065,55.45647212259537,94,28,MIDI-Unprocessed_08_R2_2009_01_ORIG_MID--AUDIO_08_R2_2009_08_R2_2009_02_WAV.midi,2009
2677,62.9503175196115,0.17915830064749116,58.582741875233474,93,33,MIDI-Unprocessed_08_R2_2009_01_ORIG_MID--AUDIO_08_R2_2009_08_R2_2009_03_WAV.midi,2009
6454,65.88720173535792,0.15099385232672208,61.84164859002169,98,30,MIDI-Unprocessed_08_R2_2009_01_ORIG_MID--AUDIO_08_R2_2009_08_R2_2009_04_WAV.midi,2009
3483,66.10651737008327,0.08758949720068916,68.68188343382141,90,30,MIDI-Unprocessed_09_R1_2009_01-04_ORIG_MID--AUDIO_09_R1_2009_09_R1_2009_01_WAV.midi,2009
844,65.75355450236967,0.6884750197472356,55.1042654028436,83,35,MIDI-Unprocessed_09_R1_2009_01-04_ORIG_MID--AUDIO_09_R1_2009_09_R1_2009_02_WAV.midi,2009
8486,61.3221777044544,0.26445027103464547,62.51850106057035,91,29,MIDI-Unprocessed_09_R1_2009_01-04_ORIG_MID--AUDIO_09_R1_2009_09_R1_2009_03_WAV.midi,2009
7910,64.5378002528445,0.22501086441213672,70.47964601769911,105,21,MIDI-Unprocessed_09_R1_2009_01-04_ORIG_MID--AUDIO_09_R1_2009_09_R1_2009_04_WAV.midi,2009
16174,65.10931124026214,0.24956720662792062,70.26993940892791,103,24,MIDI-Unprocessed_09_R1_2009_05-06_ORIG_MID--AUDIO_09_R1_2009_09_R1_2009_05_WAV.midi,2009
4172,61.13782358581016,0.2325957149848195,63.374161073825505,96,28,MIDI-Unprocessed_09_R2_2009_01_ORIG_MID--AUDIO_09_R2_2009_09_R2_2009_01_WAV.midi,2009
3953,64.6182646091576,0.21670085747111884,55.4184163926132,100,29,MIDI-Unprocessed_09_R2_2009_01_ORIG_MID--AUDIO_09_R2_2009_09_R2_2009_02_WAV.midi,2009
2724,64.58149779735683,0.22020313264806596,59.995227606461086,93,31,MIDI-Unprocessed_09_R2_2009_01_ORIG_MID--AUDIO_09_R2_2009_09_R2_2009_03_WAV.midi,2009
3869,65.96433186869993,0.14866197391660213,69.3504781597312,100,26,MIDI-Unprocessed_09_R2_2009_01_ORIG_MID--AUDIO_09_R2_2009_09_R2_2009_04_WAV.midi,2009
7840,64.28380102040816,0.34345271311649656,69.1423469387755,84,31,MIDI-Unprocessed_10_R1_2009_01-02_ORIG_MID--AUDIO_10_R1_2009_10_R1_2009_01_WAV.midi,2009
7520,62.54175531914893,0.29783130402260516,60.06502659574468,96,29,MIDI-Unprocessed_10_R1_2009_01-02_ORIG_MID--AUDIO_10_R1_2009_10_R1_2009_02_WAV.midi,2009
4724,63.7497883149873,0.2518227512877498,62.99767146486029,102,25,MIDI-Unprocessed_10_R1_2009_03-05_ORIG_MID--AUDIO_10_R1_2009_10_R1_2009_03_WAV.midi,2009
4517,60.8098295328758,0.36987843378717516,65.49590436130175,95,26,MIDI-Unprocessed_10_R1_2009_03-05_ORIG_MID--AUDIO_10_R1_2009_10_R1_2009_04_WAV.midi,2009
7785,63.05703275529865,0.25125107043459693,53.46024405908799,101,29,MIDI-Unprocessed_10_R2_2009_01_ORIG_MID--AUDIO_10_R2_2009_10_R2_2009_01_WAV.midi,2009
2296,57.0544425087108,0.6213376070702676,52.403745644599304,88,28,MIDI-Unprocessed_10_R2_2009_01_ORIG_MID--AUDIO_10_R2_2009_10_R2_2009_02_WAV.midi,2009
3142,67.55442393380012,0.0893037708200722,61.888287714831314,94,29,MIDI-Unprocessed_10_R2_2009_01_ORIG_MID--AUDIO_10_R2_2009_10_R2_2009_03_WAV.midi,2009
5551,64.79769410916951,0.14505949566144233,64.11871734822554,101,29,MIDI-Unprocessed_10_R2_2009_01_ORIG_MID--AUDIO_10_R2_2009_10_R2_2009_04_WAV.midi,2009
14226,62.56635737382258,0.1512492531280749,60.21292000562351,93,29,MIDI-Unprocessed_11_R1_2009_01-05_ORIG_MID--AUDIO_11_R1_2009_11_R1_2009_01_WAV.midi,2009
1902,64.02996845425868,0.15960105042937273,53.76866456361724,103,26,MIDI-Unprocessed_11_R1_2009_01-05_ORIG_MID--AUDIO_11_R1_2009_11_R1_2009_02_WAV.midi,2009
1346,64.09361069836552,0.05709819217434356,57.705052005943536,94,30,MIDI-Unprocessed_11_R1_2009_01-05_ORIG_MID--AUDIO_11_R1_2009_11_R1_2009_03_WAV.midi,2009
2884,60.1380027739251,0.12991847983125274,62.617198335644936,97,21,MIDI-Unprocessed_11_R1_2009_01-05_ORIG_MID--AUDIO_11_R1_2009_11_R1_2009_04_WAV.midi,2009
1052,68.45627376425855,0.1973893971799745,44.036121673003805,91,38,MIDI-Unprocessed_11_R1_2009_06-09_ORIG_MID--AUDIO_11_R1_2009_11_R1_2009_06_WAV.midi,2009
721,79.51040221914009,0.4072107605177998,58.77669902912621,104,42,MIDI-Unprocessed_11_R1_2009_06-09_ORIG_MID--AUDIO_11_R1_2009_11_R1_2009_07_WAV.midi,2009
4060,61.96305418719212,0.21794758312807858,61.83571428571429,92,24,MIDI-Unprocessed_11_R1_2009_06-09_ORIG_MID--AUDIO_11_R1_2009_11_R1_2009_08_WAV.midi,2009
12781,64.70636100461623,0.12582041132018879,64.76848446913387,104,21,MIDI-Unprocessed_11_R1_2009_06-09_ORIG_MID--AUDIO_11_R1_2009_11_R1_2009_09_WAV.midi,2009
6309,64.18418132826122,0.31752898471759855,67.33903946742748,84,26,MIDI-Unprocessed_12_R1_2009_01-02_ORIG_MID--AUDIO_12_R1_2009_12_R1_2009_01_WAV.midi,2009
6737,66.56093216565236,0.26828927471426384,62.851565978922366,93,29,MIDI-Unprocessed_12_R1_2009_03-05_ORIG_MID--AUDIO_12_R1_2009_12_R1_2009_03_WAV.midi,2009
7539,69.10823716673299,0.11985608861696948,68.58893752487067,104,24,MIDI-Unprocessed_12_R1_2009_03-05_ORIG_MID--AUDIO_12_R1_2009_12_R1_2009_05_WAV.midi,2009
4878,60.0910209102091,0.20334228081864136,58.160721607216075,97,26,MIDI-Unprocessed_12_R2_2009_01_ORIG_MID--AUDIO_12_R2_2009_12_R2_2009_01_WAV.midi,2009
2774,58.490266762797404,0.5191641882960821,49.39005046863735,92,29,MIDI-Unprocessed_12_R2_2009_01_ORIG_MID--AUDIO_12_R2_2009_12_R2_2009_02_WAV.midi,2009
1458,60.06104252400549,0.16660415237768633,60.64540466392318,94,32,MIDI-Unprocessed_12_R2_2009_01_ORIG_MID--AUDIO_12_R2_2009_12_R2_2009_03_WAV.midi,2009
7230,61.25297372060857,0.10652482422775511,63.97136929460581,101,29,MIDI-Unprocessed_12_R2_2009_01_ORIG_MID--AUDIO_12_R2_2009_12_R2_2009_04_WAV.midi,2009
4272,64.52972846441948,0.2665954666042454,64.82326779026218,103,22,MIDI-Unprocessed_13_R1_2009_01-03_ORIG_MID--AUDIO_13_R1_2009_13_R1_2009_01_WAV.midi,2009
9719,67.83630003086738,0.1616173592533527,65.15690914703158,101,24,MIDI-Unprocessed_13_R1_2009_01-03_ORIG_MID--AUDIO_13_R1_2009_13_R1_2009_03_WAV.midi,2009
18443,62.52789676299951,0.1917860801975455,69.48918288781651,100,24,MIDI-Unprocessed_13_R1_2009_04_ORIG_MID--AUDIO_13_R1_2009_13_R1_2009_04_WAV.midi,2009
1427,65.14435879467415,0.42247904987152546,49.8416257883672,97,32,MIDI-Unprocessed_14_R1_2009_01-05_ORIG_MID--AUDIO_14_R1_2009_14_R1_2009_02_WAV.midi,2009
1784,68.98710762331838,0.06393126985239159,66.78195067264573,91,38,MIDI-Unprocessed_14_R1_2009_01-05_ORIG_MID--AUDIO_14_R1_2009_14_R1_2009_03_WAV.midi,2009
1587,66.0119722747322,0.34776783370090386,52.449905482041586,91,30,MIDI-Unprocessed_14_R1_2009_01-05_ORIG_MID--AUDIO_14_R1_2009_14_R1_2009_04_WAV.midi,2009
1469,67.10483321987746,0.07997840793056502,63.88223281143635,83,31,MIDI-Unprocessed_14_R1_2009_01-05_ORIG_MID--AUDIO_14_R1_2009_14_R1_2009_05_WAV.midi,2009
8121,67.87033616549687,0.1546630007593488,59.77478143085827,88,30,MIDI-Unprocessed_14_R1_2009_06-08_ORIG_MID--AUDIO_14_R1_2009_14_R1_2009_06_WAV.midi,2009
15172,63.40673609280253,0.15610109975063757,65.36382810440284,105,21,MIDI-Unprocessed_14_R1_2009_06-08_ORIG_MID--AUDIO_14_R1_2009_14_R1_2009_08_WAV.midi,2009
5820,65.48333333333333,0.17890938215922117,66.14432989690722,91,28,MIDI-Unprocessed_15_R1_2009_01-02_ORIG_MID--AUDIO_15_R1_2009_15_R1_2009_01_WAV.midi,2009
13316,65.24804746170021,0.21427445522929692,71.01997596875938,102,25,MIDI-Unprocessed_15_R1_2009_01-02_ORIG_MID--AUDIO_15_R1_2009_15_R1_2009_02_WAV.midi,2009
7270,67.0433287482806,0.28015567686840875,56.44621733149931,106,22,MIDI-Unprocessed_15_R1_2009_03-06_ORIG_MID--AUDIO_15_R1_2009_15_R1_2009_03_WAV.midi,2009
1963,67.08048904737646,0.3989475876634404,60.76006113092206,103,28,MIDI-Unprocessed_15_R1_2009_03-06_ORIG_MID--AUDIO_15_R1_2009_15_R1_2009_05_WAV.midi,2009
5464,71.94637628111273,0.1262668146046848,70.30051244509517,105,24,MIDI-Unprocessed_15_R1_2009_03-06_ORIG_MID--AUDIO_15_R1_2009_15_R1_2009_06_WAV.midi,2009
12299,63.467436376941215,0.23034573017453983,66.2574193023823,89,27,MIDI-Unprocessed_16_R1_2009_01-02_ORIG_MID--AUDIO_16_R1_2009_16_R1_2009_01_WAV.midi,2009
5966,64.06821991283942,0.2331351180997874,60.810760978880325,101,24,MIDI-Unprocessed_16_R1_2009_01-02_ORIG_MID--AUDIO_16_R1_2009_16_R1_2009_02_WAV.midi,2009
11083,64.93656952088784,0.06639226931637009,69.57962645493097,104,23,MIDI-Unprocessed_16_R1_2009_03-06_ORIG_MID--AUDIO_16_R1_2009_16_R1_2009_03_WAV.midi,2009
5498,60.680247362677335,0.23399465335879802,58.29665332848308,96,24,MIDI-Unprocessed_16_R2_2009_01_ORIG_MID--AUDIO_16_R2_2009_16_R2_2009_01_WAV.midi,2009
3569,61.856822639394785,0.25615470603343565,55.374334547492296,98,29,MIDI-Unprocessed_16_R2_2009_01_ORIG_MID--AUDIO_16_R2_2009_16_R2_2009_02_WAV.midi,2009
3143,60.3445752465797,0.1862927868808991,58.06172446706968,86,32,MIDI-Unprocessed_16_R2_2009_01_ORIG_MID--AUDIO_16_R2_2009_16_R2_2009_03_WAV.midi,2009
7273,64.74549704386085,0.1058928714652366,67.98377560841469,98,24,MIDI-Unprocessed_16_R2_2009_01_ORIG_MID--AUDIO_16_R2_2009_16_R2_2009_04_WAV.midi,2009
5752,61.325625869262865,0.26069736613351846,58.55372044506259,90,28,MIDI-Unprocessed_17_R1_2009_01-03_ORIG_MID--AUDIO_17_R1_2009_17_R1_2009_01_WAV.midi,2009
4403,64.5078355666591,0.21471658764857282,57.591414944356124,97,23,MIDI-Unprocessed_17_R1_2009_01-03_ORIG_MID--AUDIO_17_R1_2009_17_R1_2009_02_WAV.midi,2009
10351,67.32653849869578,0.08487341702089994,68.87469809680225,105,21,MIDI-Unprocessed_17_R1_2009_01-03_ORIG_MID--AUDIO_17_R1_2009_17_R1_2009_03_WAV.midi,2009
19001,60.853797168570075,0.26701767615300914,59.45144992368823,103,24,MIDI-Unprocessed_17_R1_2009_04_ORIG_MID--AUDIO_17_R1_2009_17_R1_2009_04_WAV.midi,2009
4967,60.156432454197706,0.16285583811489174,59.913025971411315,98,26,MIDI-Unprocessed_17_R2_2009_01_ORIG_MID--AUDIO_17_R2_2009_17_R2_2009_01_WAV.midi,2009
2830,58.459717314487634,0.3914333959069501,55.32473498233215,92,29,MIDI-Unprocessed_17_R2_2009_01_ORIG_MID--AUDIO_17_R2_2009_17_R2_2009_02_WAV.midi,2009
1743,60.57659208261618,0.15483212612354214,55.666666666666664,94,32,MIDI-Unprocessed_17_R2_2009_01_ORIG_MID--AUDIO_17_R2_2009_17_R2_2009_03_WAV.midi,2009
7419,61.37835287774633,0.08771573269083902,66.70993395336299,101,29,MIDI-Unprocessed_17_R2_2009_01_ORIG_MID--AUDIO_17_R2_2009_17_R2_2009_04_WAV.midi,2009
3220,62.90372670807454,0.22271933229813687,66.50652173913043,84,26,MIDI-Unprocessed_18_R1_2009_01-03_ORIG_MID--AUDIO_18_R1_2009_18_R1_2009_01_WAV.midi,2009
5983,65.5537355841551,0.18684384401638027,66.14942336620425,89,29,MIDI-Unprocessed_18_R1_2009_01-03_ORIG_MID--AUDIO_18_R1_2009_18_R1_2009_02_WAV.midi,2009
15005,62.62472509163612,0.3136927447795175,65.35948017327557,104,23,MIDI-Unprocessed_18_R1_2009_04_ORIG_MID--AUDIO_18_R1_2009_18_R1_2009_04_WAV.midi,2009
16298,63.38569149588906,0.24055370418660746,68.76518591238188,103,21,MIDI-Unprocessed_19_R1_2009_01-02_ORIG_MID--AUDIO_19_R1_2009_19_R1_2009_02_WAV.midi,2009
7548,64.68203497615262,0.17513417599584902,66.9572072072072,105,22,MIDI-Unprocessed_19_R1_2009_03-04_ORIG_MID--AUDIO_19_R1_2009_19_R1_2009_04_WAV.midi,2009
7806,64.07699205739175,0.3024411310210091,55.53561363054061,100,28,MIDI-Unprocessed_19_R2_2009_01_ORIG_MID--AUDIO_19_R2_2009_19_R2_2009_01_WAV.midi,2009
3288,63.46928223844282,0.31070290323398225,54.50456204379562,94,28,MIDI-Unprocessed_19_R2_2009_01_ORIG_MID--AUDIO_19_R2_2009_19_R2_2009_02_WAV.midi,2009
2719,62.85031261493196,0.20708105384945466,60.58661272526664,93,33,MIDI-Unprocessed_19_R2_2009_01_ORIG_MID--AUDIO_19_R2_2009_19_R2_2009_03_WAV.midi,2009
6405,65.88337236533958,0.13902733053603955,61.87103825136612,98,30,MIDI-Unprocessed_19_R2_2009_01_ORIG_MID--AUDIO_19_R2_2009_19_R2_2009_04_WAV.midi,2009
9458,65.27426517234088,0.19925578324346277,66.14072742651723,101,28,MIDI-Unprocessed_20_R1_2009_01-05_ORIG_MID--AUDIO_20_R1_2009_20_R1_2009_01_WAV.midi,2009
8043,64.76799701603879,0.10096059202619262,70.83538480666418,101,24,MIDI-Unprocessed_20_R1_2009_01-05_ORIG_MID--AUDIO_20_R1_2009_20_R1_2009_02_WAV.midi,2009
17756,66.48411804460464,0.14007816313265015,68.2485920252309,105,23,MIDI-Unprocessed_20_R1_2009_06-07_ORIG_MID--AUDIO_20_R1_2009_20_R1_2009_06_WAV.midi,2009
8145,60.97139349294046,0.38915809801514273,61.51454880294659,96,24,MIDI-Unprocessed_21_R1_2009_01-03_ORIG_MID--AUDIO_21_R1_2009_21_R1_2009_01_WAV.midi,2009
9909,67.71783227369059,0.16775942325158985,70.15652437178322,101,24,MIDI-Unprocessed_21_R1_2009_01-03_ORIG_MID--AUDIO_21_R1_2009_21_R1_2009_03_WAV.midi,2009
16348,63.503976021531685,0.260284212263478,72.76578174700269,104,21,MIDI-Unprocessed_21_R1_2009_04_ORIG_MID--AUDIO_21_R1_2009_21_R1_2009_04_WAV.midi,2009
7899,62.84808203570072,0.3023970267860908,56.262438283327,101,29,MIDI-Unprocessed_21_R2_2009_01_ORIG_MID--AUDIO_21_R2_2009_21_R2_2009_01_WAV.midi,2009
2314,57.004753673292996,0.725624482317776,46.54796888504754,88,29,MIDI-Unprocessed_21_R2_2009_01_ORIG_MID--AUDIO_21_R2_2009_21_R2_2009_02_WAV.midi,2009
3141,67.52626552053486,0.120868652499204,65.2184017828717,94,29,MIDI-Unprocessed_21_R2_2009_01_ORIG_MID--AUDIO_21_R2_2009_21_R2_2009_03_WAV.midi,2009
5527,64.73403292925637,0.1581476445178212,67.60177311380495,101,29,MIDI-Unprocessed_21_R2_2009_01_ORIG_MID--AUDIO_21_R2_2009_21_R2_2009_04_WAV.midi,2009
1574,61.7725540025413,0.14391081639135953,72.64993646759848,83,37,MIDI-Unprocessed_01_R1_2011_MID--AUDIO_R1-D1_02_Track02_wav.midi,2011
872,60.15481651376147,0.5544187213302754,57.64564220183486,81,38,MIDI-Unprocessed_01_R1_2011_MID--AUDIO_R1-D1_03_Track03_wav.midi,2011
3349,68.0982382800836,0.17484074848213407,66.61630337414154,89,28,MIDI-Unprocessed_01_R1_2011_MID--AUDIO_R1-D1_04_Track04_wav.midi,2011
2367,63.95648500211238,0.08794095901985624,70.60498521335023,100,24,MIDI-Unprocessed_01_R1_2011_MID--AUDIO_R1-D1_05_Track05_wav.midi,2011
5087,63.857283271083155,0.1907778610510448,68.1230587772754,101,23,MIDI-Unprocessed_01_R1_2011_MID--AUDIO_R1-D1_06_Track06_wav.midi,2011
3115,61.58651685393259,0.1011352996254679,74.03113964686999,84,36,MIDI-Unprocessed_02_R1_2011_MID--AUDIO_R1-D1_08_Track08_wav.midi,2011
2012,67.3906560636183,0.1373251377153746,66.17992047713717,89,34,MIDI-Unprocessed_02_R1_2011_MID--AUDIO_R1-D1_09_Track09_wav.midi,2011
3126,71.18746001279591,0.05739954881104709,72.27479206653871,102,30,MIDI-Unprocessed_02_R1_2011_MID--AUDIO_R1-D1_10_Track10_wav.midi,2011
4577,67.88398514310684,0.13726695069550668,68.28140703517587,103,29,MIDI-Unprocessed_02_R2_2011_MID--AUDIO_R2-D1_02_Track02_wav.midi,2011
2269,62.71617452622301,0.270374247098575,59.810489202291755,84,30,MIDI-Unprocessed_02_R2_2011_MID--AUDIO_R2-D1_03_Track03_wav.midi,2011
1177,64.18266779949023,0.32156480104786145,64.87170773152081,83,37,MIDI-Unprocessed_03_R1_2011_MID--AUDIO_R1-D1_15_Track15_wav.midi,2011
2690,68.30557620817844,0.11222360982032244,64.33977695167286,89,33,MIDI-Unprocessed_03_R1_2011_MID--AUDIO_R1-D1_16_Track16_wav.midi,2011
2432,72.18379934210526,0.11099350243283987,61.049753289473685,101,30,MIDI-Unprocessed_03_R1_2011_MID--AUDIO_R1-D1_17_Track17_wav.midi,2011
3241,74.19777846343722,0.173940816877507,63.589324282628816,104,35,MIDI-Unprocessed_03_R1_2011_MID--AUDIO_R1-D1_18_Track18_wav.midi,2011
7250,68.62137931034482,0.1317015086206893,68.14303448275862,104,24,MIDI-Unprocessed_03_R1_2011_MID--AUDIO_R1-D1_19_Track19_wav.midi,2011
1628,71.30466830466831,0.1520646178849304,58.64496314496314,104,28,MIDI-Unprocessed_03_R2_2011_MID--AUDIO_R2-D1_06_Track06_wav.midi,2011
5978,64.19889595182335,0.2042042611101816,54.65406490465038,101,29,MIDI-Unprocessed_03_R2_2011_MID--AUDIO_R2-D1_07_Track07_wav.midi,2011
2284,66.00963222416813,0.11996554381932265,59.7661996497373,102,32,MIDI-Unprocessed_03_R2_2011_MID--AUDIO_R2-D1_08_Track08_wav.midi,2011
2207,70.20117806977798,0.19132483291798802,62.01993656547349,89,29,MIDI-Unprocessed_03_R3_2011_MID--AUDIO_R3-D1_02_Track02_wav.midi,2011
1442,66.24549237170596,0.14738373352981957,66.47919556171983,89,37,MIDI-Unprocessed_03_R3_2011_MID--AUDIO_R3-D1_03_Track03_wav.midi,2011
7452,61.059983896940416,0.20606010411075396,64.420692431562,101,26,MIDI-Unprocessed_03_R3_2011_MID--AUDIO_R3-D1_04_Track04_wav.midi,2011
4596,64.64120974760661,0.06810666430954458,61.6266318537859,103,26,MIDI-Unprocessed_03_R3_2011_MID--AUDIO_R3-D1_05_Track05_wav.midi,2011
2041,65.4875061244488,0.25605554875061254,58.743263106320434,102,30,MIDI-Unprocessed_03_R3_2011_MID--AUDIO_R3-D1_06_Track06_wav.midi,2011
9192,66.47312880765884,0.10227983572671846,67.83202785030461,105,22,MIDI-Unprocessed_03_R3_2011_MID--AUDIO_R3-D1_07_Track07_wav.midi,2011
2238,64.20107238605898,0.12805623045129616,65.41152815013405,84,37,MIDI-Unprocessed_04_R1_2011_MID--AUDIO_R1-D2_02_Track02_wav.midi,2011
2622,65.15217391304348,0.1573579130116958,61.69832189168574,89,34,MIDI-Unprocessed_04_R1_2011_MID--AUDIO_R1-D2_03_Track03_wav.midi,2011
2316,69.2426597582038,0.08620117749712132,66.96027633851467,101,25,MIDI-Unprocessed_04_R1_2011_MID--AUDIO_R1-D2_04_Track04_wav.midi,2011
5849,68.73739100700975,0.12407814548070842,60.34518721148914,103,29,MIDI-Unprocessed_04_R1_2011_MID--AUDIO_R1-D2_06_Track06_wav.midi,2011
4753,59.71660004207869,0.20772434295883296,55.154428781822006,92,29,MIDI-Unprocessed_04_R2_2011_MID--AUDIO_R2-D2_02_Track02_wav.midi,2011
5031,65.15265354800239,0.15815537418008363,65.34426555356788,101,26,MIDI-Unprocessed_04_R2_2011_MID--AUDIO_R2-D2_03_Track03_wav.midi,2011
2809,65.5681737273051,0.17348209252996324,56.559629761480956,104,25,MIDI-Unprocessed_04_R3_2011_MID--AUDIO_R3-D2_03_Track03_wav.midi,2011
7518,61.17358339984038,0.1607870277999471,62.40861931364724,101,26,MIDI-Unprocessed_04_R3_2011_MID--AUDIO_R3-D2_04_Track04_wav.midi,2011
2730,65.92564102564103,0.10823794261294267,59.0974358974359,100,26,MIDI-Unprocessed_04_R3_2011_MID--AUDIO_R3-D2_05_Track05_wav.midi,2011
9618,67.879392805157,0.11532345493692386,63.44978165938865,101,24,MIDI-Unprocessed_04_R3_2011_MID--AUDIO_R3-D2_06_Track06_wav.midi,2011
566,63.98409893992933,0.7866860828916371,54.024734982332156,84,36,MIDI-Unprocessed_05_R1_2011_MID--AUDIO_R1-D2_08_Track08_wav.midi,2011
1353,61.14929785661493,0.3956216124661248,62.68144863266814,84,39,MIDI-Unprocessed_05_R1_2011_MID--AUDIO_R1-D2_09_Track09_wav.midi,2011
2254,66.47604259094942,0.10873262348417609,65.82830523513753,88,31,MIDI-Unprocessed_05_R1_2011_MID--AUDIO_R1-D2_10_Track10_wav.midi,2011
3378,74.26494967436354,0.15210322306098278,69.71492007104796,104,33,MIDI-Unprocessed_05_R1_2011_MID--AUDIO_R1-D2_11_Track11_wav.midi,2011
3751,66.55878432418022,0.3125787984315291,60.36097040789123,89,31,MIDI-Unprocessed_05_R1_2011_MID--AUDIO_R1-D2_12_Track12_wav.midi,2011
1626,61.25645756457565,0.26469208051455545,72.1949569495695,84,33,MIDI-Unprocessed_06_R1_2011_MID--AUDIO_R1-D2_14_Track14_wav.midi,2011
3541,61.40440553515956,0.13747918725877806,67.41457215475855,90,26,MIDI-Unprocessed_06_R1_2011_MID--AUDIO_R1-D2_15_Track15_wav.midi,2011
2383,72.18254301300881,0.08785374265631549,59.58120016785564,101,30,MIDI-Unprocessed_06_R1_2011_MID--AUDIO_R1-D2_16_Track16_wav.midi,2011
9734,67.82175878364495,0.12059212553934671,65.51222519005547,101,24,MIDI-Unprocessed_06_R1_2011_MID--AUDIO_R1-D2_17_Track17_wav.midi,2011
5847,63.94817855310416,0.17971422310586638,60.21600820933812,101,29,MIDI-Unprocessed_06_R2_2011_MID--AUDIO_R2-D2_06_Track06_wav.midi,2011
4395,72.06188850967008,0.07242308968524856,62.18156996587031,102,29,MIDI-Unprocessed_06_R2_2011_MID--AUDIO_R2-D2_07_Track07_wav.midi,2011
7639,61.37164550333814,0.18782829067940818,69.78099227647598,101,26,MIDI-Unprocessed_06_R3_2011_MID--AUDIO_R3-D3_02_Track02_wav.midi,2011
1498,68.49198931909213,0.22619569147752547,56.510680907877166,104,27,MIDI-Unprocessed_06_R3_2011_MID--AUDIO_R3-D3_05_Track05_wav.midi,2011
7592,69.16649104320337,0.09587857695600653,66.59286090621707,104,26,MIDI-Unprocessed_06_R3_2011_MID--AUDIO_R3-D3_06_Track06_wav.midi,2011
1374,65.06914119359534,0.31273975770257134,61.28311499272198,84,37,MIDI-Unprocessed_07_R1_2011_MID--AUDIO_R1-D3_02_Track02_wav.midi,2011
2134,57.75585754451734,0.18327219521243343,71.65135895032802,94,24,MIDI-Unprocessed_07_R1_2011_MID--AUDIO_R1-D3_03_Track03_wav.midi,2011
2205,67.83356009070295,0.1292522911942553,65.02993197278911,88,35,MIDI-Unprocessed_07_R1_2011_MID--AUDIO_R1-D3_04_Track04_wav.midi,2011
4826,63.68421052631579,0.21211412358405815,68.83837546622462,101,25,MIDI-Unprocessed_07_R1_2011_MID--AUDIO_R1-D3_05_Track05_wav.midi,2011
2254,64.25554569653949,0.13529246617125107,66.72981366459628,84,37,MIDI-Unprocessed_08_R1_2011_MID--AUDIO_R1-D3_07_Track07_wav.midi,2011
2891,61.172950536146665,0.2569936873054308,66.34278796264269,89,29,MIDI-Unprocessed_08_R1_2011_MID--AUDIO_R1-D3_08_Track08_wav.midi,2011
5577,68.4077461000538,0.15454961037893722,60.99246906939214,103,29,MIDI-Unprocessed_08_R1_2011_MID--AUDIO_R1-D3_09_Track09_wav.midi,2011
2808,65.56517094017094,0.2167542141500476,59.21011396011396,104,25,MIDI-Unprocessed_08_R1_2011_MID--AUDIO_R1-D3_10_Track10_wav.midi,2011
2389,62.642946839681876,0.4108904091670151,65.43574717455002,83,35,MIDI-Unprocessed_09_R1_2011_MID--AUDIO_R1-D3_12_Track12_wav.midi,2011
2609,65.90762744346493,0.24154369490226166,61.79110770410119,89,31,MIDI-Unprocessed_09_R1_2011_MID--AUDIO_R1-D3_13_Track13_wav.midi,2011
2792,60.65974212034384,0.09061184858524352,66.89792263610315,100,24,MIDI-Unprocessed_09_R1_2011_MID--AUDIO_R1-D3_14_Track14_wav.midi,2011
6118,61.82216410591697,0.19436754249754806,70.1299444262831,96,21,MIDI-Unprocessed_09_R1_2011_MID--AUDIO_R1-D3_15_Track15_wav.midi,2011
5263,71.3230096902907,0.1339384322154664,69.21413642409273,103,24,MIDI-Unprocessed_09_R2_2011_MID--AUDIO_R2-D3_03_Track03_wav.midi,2011
2587,57.22033243138771,0.39801370635227407,48.8484731349053,79,28,MIDI-Unprocessed_09_R2_2011_MID--AUDIO_R2-D3_04_Track04_wav.midi,2011
4620,63.375757575757575,0.19843327245671008,70.76212121212122,85,37,MIDI-Unprocessed_10_R1_2011_MID--AUDIO_R1-D4_02_Track02_wav.midi,2011
1981,66.63301362948006,0.22813669968870923,65.04593639575971,88,30,MIDI-Unprocessed_10_R1_2011_MID--AUDIO_R1-D4_04_Track04_wav.midi,2011
5100,68.91254901960784,0.18927185457516324,68.64254901960784,104,28,MIDI-Unprocessed_10_R1_2011_MID--AUDIO_R1-D4_05_Track05_wav.midi,2011
6377,64.52689352360044,0.23886787151743177,58.16590873451466,101,29,MIDI-Unprocessed_10_R2_2011_MID--AUDIO_R2-D3_10_Track10_wav.midi,2011
4577,63.91741315272012,0.20396223645400932,67.02228533974218,101,24,MIDI-Unprocessed_10_R2_2011_MID--AUDIO_R2-D3_11_Track11_wav.midi,2011
1363,61.42406456346295,0.6244258605404747,66.06823184152604,83,36,MIDI-Unprocessed_11_R1_2011_MID--AUDIO_R1-D4_07_Track07_wav.midi,2011
6626,61.64397826743133,0.16894128402002198,66.25596136432236,93,29,MIDI-Unprocessed_11_R1_2011_MID--AUDIO_R1-D4_08_Track08_wav.midi,2011
3347,68.17806991335524,0.11102759934269468,75.45682700926203,101,24,MIDI-Unprocessed_11_R1_2011_MID--AUDIO_R1-D4_09_Track09_wav.midi,2011
1501,59.38107928047968,0.5705744781256936,54.64157228514324,82,28,MIDI-Unprocessed_11_R1_2011_MID--AUDIO_R1-D4_10_Track10_wav.midi,2011
1485,56.83905723905724,0.14467680274971934,74.37104377104377,101,21,MIDI-Unprocessed_11_R1_2011_MID--AUDIO_R1-D4_11_Track11_wav.midi,2011
3311,68.15312594382362,0.18170767580287914,60.9855028692238,89,29,MIDI-Unprocessed_12_R1_2011_MID--AUDIO_R1-D4_13_Track13_wav.midi,2011
6010,63.545091514143095,0.22821556087077066,61.71830282861897,101,24,MIDI-Unprocessed_12_R1_2011_MID--AUDIO_R1-D4_14_Track14_wav.midi,2011
2246,64.24309884238646,0.1370045590308699,68.57168299198575,84,37,MIDI-Unprocessed_12_R1_2011_MID--AUDIO_R1-D4_15_Track15_wav.midi,2011
1737,62.360391479562466,0.406263493091537,59.2279792746114,95,27,MIDI-Unprocessed_12_R2_2011_MID--AUDIO_R2-D4_02_Track02_wav.midi,2011
5969,62.68135366057966,0.15788780225610105,63.72424191656894,96,28,MIDI-Unprocessed_12_R2_2011_MID--AUDIO_R2-D4_03_Track03_wav.midi,2011
2517,57.396503774334526,0.3315310058270425,49.29161700437028,79,29,MIDI-Unprocessed_12_R2_2011_MID--AUDIO_R2-D4_04_Track04_wav.midi,2011
2110,69.76398104265402,0.09473921307266982,64.9829383886256,103,29,MIDI-Unprocessed_12_R2_2011_MID--AUDIO_R2-D4_05_Track05_wav.midi,2011
1061,61.70122525918944,0.1777411247251024,54.114985862393965,83,32,MIDI-Unprocessed_12_R3_2011_MID--AUDIO_R3-D4_02_Track02_wav.midi,2011
7150,63.32909090909091,0.16193218240093277,62.9041958041958,96,29,MIDI-Unprocessed_12_R3_2011_MID--AUDIO_R3-D4_03_Track03_wav.midi,2011
6075,64.34913580246914,0.19273491083676234,63.59736625514403,98,22,MIDI-Unprocessed_12_R3_2011_MID--AUDIO_R3-D4_04_Track04_wav.midi,2011
2281,65.09820254274442,0.28715018997515723,63.33143358176238,100,21,MIDI-Unprocessed_12_R3_2011_MID--AUDIO_R3-D4_07_Track07_wav.midi,2011
366,59.24590163934426,0.5522363103369763,42.122950819672134,85,24,MIDI-Unprocessed_12_R3_2011_MID--AUDIO_R3-D4_08_Track08_wav.midi,2011
5031,63.210296163784534,0.1441725365235541,70.68395945140131,105,22,MIDI-Unprocessed_12_R3_2011_MID--AUDIO_R3-D4_09_Track09_wav.midi,2011
1628,62.041769041769044,0.24251941927723156,66.28808353808354,84,36,MIDI-Unprocessed_13_R1_2011_MID--AUDIO_R1-D5_02_Track02_wav.midi,2011
3216,67.85603233830845,0.11931067319651763,73.92101990049751,101,24,MIDI-Unprocessed_13_R1_2011_MID--AUDIO_R1-D5_03_Track03_wav.midi,2011
6624,61.61277173913044,0.16485369646990733,66.36262077294685,93,29,MIDI-Unprocessed_13_R1_2011_MID--AUDIO_R1-D5_04_Track04_wav.midi,2011
1909,61.91461498166579,0.23033710930679224,67.88737558931378,83,37,MIDI-Unprocessed_14_R1_2011_MID--AUDIO_R1-D6_02_Track02_wav.midi,2011
2846,63.250878425860854,0.3254673042574373,54.79198875614898,96,29,MIDI-Unprocessed_14_R1_2011_MID--AUDIO_R1-D6_03_Track03_wav.midi,2011
6391,64.56407447973713,0.09359964207479278,73.25003911750899,107,24,MIDI-Unprocessed_14_R1_2011_MID--AUDIO_R1-D6_04_Track04_wav.midi,2011
1623,61.2365988909427,0.27563250924214416,75.33518176216883,84,33,MIDI-Unprocessed_15_R1_2011_MID--AUDIO_R1-D6_07_Track07_wav.midi,2011
2826,61.154281670205236,0.33645676677872133,69.80962491153574,89,29,MIDI-Unprocessed_15_R1_2011_MID--AUDIO_R1-D6_08_Track08_wav.midi,2011
2193,65.52165982672139,0.07998223514211879,71.27314181486548,97,25,MIDI-Unprocessed_15_R1_2011_MID--AUDIO_R1-D6_09_Track09_wav.midi,2011
4927,67.83011974832556,0.13073239082267743,71.0292267099655,105,21,MIDI-Unprocessed_15_R1_2011_MID--AUDIO_R1-D6_10_Track10_wav.midi,2011
1516,64.28232189973615,0.8535328028803867,57.66688654353562,84,38,MIDI-Unprocessed_16_R1_2011_MID--AUDIO_R1-D6_12_Track12_wav.midi,2011
3366,68.05852644087938,0.13469251336898383,76.39275103980987,103,24,MIDI-Unprocessed_16_R1_2011_MID--AUDIO_R1-D6_13_Track13_wav.midi,2011
3317,64.09586976183299,0.3108473708672499,61.61260174856798,96,29,MIDI-Unprocessed_16_R1_2011_MID--AUDIO_R1-D6_14_Track14_wav.midi,2011
4914,64.32885632885633,0.16035551061592768,62.41269841269841,100,30,MIDI-Unprocessed_16_R1_2011_MID--AUDIO_R1-D6_15_Track15_wav.midi,2011
7269,60.22368964094098,0.30435826225523877,67.02999037006465,107,25,MIDI-Unprocessed_16_R2_2011_MID--AUDIO_R2-D4_08_Track08_wav.midi,2011
2557,57.30465389127884,0.30533115793247284,46.33124755572937,79,29,MIDI-Unprocessed_16_R2_2011_MID--AUDIO_R2-D4_09_Track09_wav.midi,2011
7570,61.25336856010568,0.2217547679986787,66.99458388375164,101,26,MIDI-Unprocessed_16_R3_2011_MID--AUDIO_R3-D5_02_Track02_wav.midi,2011
2053,61.22260107160253,0.07929516256697516,70.06186069167073,84,36,MIDI-Unprocessed_17_R1_2011_MID--AUDIO_R1-D7_02_Track02_wav.midi,2011
2646,64.06651549508692,0.2926720167233559,60.43386243386244,96,29,MIDI-Unprocessed_17_R1_2011_MID--AUDIO_R1-D7_03_Track03_wav.midi,2011
3255,67.96251920122887,0.12512760816692262,72.66635944700461,101,24,MIDI-Unprocessed_17_R1_2011_MID--AUDIO_R1-D7_04_Track04_wav.midi,2011
5144,65.18293157076205,0.2125471321766463,70.25524883359253,101,26,MIDI-Unprocessed_17_R1_2011_MID--AUDIO_R1-D7_05_Track05_wav.midi,2011
6016,75.77908909574468,0.15569678773271306,61.61585771276596,105,23,MIDI-Unprocessed_17_R2_2011_MID--AUDIO_R2-D5_03_Track03_wav.midi,2011
3844,63.61238293444329,0.24400445499479703,56.98933402705515,101,29,MIDI-Unprocessed_17_R2_2011_MID--AUDIO_R2-D5_04_Track04_wav.midi,2011
5634,67.35818246361377,0.10516021587681941,70.70962016329429,107,24,MIDI-Unprocessed_17_R2_2011_MID--AUDIO_R2-D5_06_Track06_wav.midi,2011
7293,62.92719045660222,0.14900614601901416,66.72082819141643,96,29,MIDI-Unprocessed_17_R3_2011_MID--AUDIO_R3-D6_02_Track02_wav.midi,2011
2696,67.61721068249258,0.32582945026582616,62.69955489614243,102,22,MIDI-Unprocessed_17_R3_2011_MID--AUDIO_R3-D6_03_Track03_wav.midi,2011
3460,70.46849710982659,0.12807683044315984,68.12803468208092,103,27,MIDI-Unprocessed_17_R3_2011_MID--AUDIO_R3-D6_04_Track04_wav.midi,2011
1147,55.454228421970356,0.63808099934612,62.16477768090671,85,23,MIDI-Unprocessed_17_R3_2011_MID--AUDIO_R3-D6_05_Track05_wav.midi,2011
2840,61.54788732394366,0.12776830252347432,74.89577464788732,98,28,MIDI-Unprocessed_17_R3_2011_MID--AUDIO_R3-D6_06_Track06_wav.midi,2011
1098,52.79143897996357,0.5010613520795386,49.657559198542806,83,25,MIDI-Unprocessed_17_R3_2011_MID--AUDIO_R3-D6_07_Track07_wav.midi,2011
5011,61.62482538415486,0.14097786952038846,70.21712233087209,93,24,MIDI-Unprocessed_17_R3_2011_MID--AUDIO_R3-D6_08_Track08_wav.midi,2011
1498,64.3237650200267,0.21638399810858913,61.543391188251,83,38,MIDI-Unprocessed_18_R1_2011_MID--AUDIO_R1-D7_07_Track07_wav.midi,2011
6591,61.71279016841147,0.15217563091083805,61.740707024730696,93,28,MIDI-Unprocessed_18_R1_2011_MID--AUDIO_R1-D7_08_Track08_wav.midi,2011
2271,64.16468516072214,0.09104205654630855,66.99119330691326,100,25,MIDI-Unprocessed_18_R1_2011_MID--AUDIO_R1-D7_09_Track09_wav.midi,2011
4972,65.0852775543041,0.19262295940600704,62.68624296057924,101,26,MIDI-Unprocessed_18_R1_2011_MID--AUDIO_R1-D7_10_Track10_wav.midi,2011
3010,63.10564784053156,0.24430327727021053,72.62392026578073,84,36,MIDI-Unprocessed_19_R1_2011_MID--AUDIO_R1-D7_12_Track12_wav.midi,2011
2864,61.135474860335194,0.33481863579492505,67.87325418994413,89,29,MIDI-Unprocessed_19_R1_2011_MID--AUDIO_R1-D7_13_Track13_wav.midi,2011
2331,69.24967824967825,0.13048427892177897,69.0943800943801,101,25,MIDI-Unprocessed_19_R1_2011_MID--AUDIO_R1-D7_14_Track14_wav.midi,2011
5495,66.5088262056415,0.182878374279648,63.162147406733396,101,29,MIDI-Unprocessed_19_R1_2011_MID--AUDIO_R1-D7_15_Track15_wav.midi,2011
2200,62.51409090909091,0.39655243844696964,73.63863636363637,82,36,MIDI-Unprocessed_20_R1_2011_MID--AUDIO_R1-D8_02_Track02_wav.midi,2011
3615,63.485200553250344,0.23335926694329173,66.98921161825726,98,28,MIDI-Unprocessed_20_R1_2011_MID--AUDIO_R1-D8_03_Track03_wav.midi,2011
6365,61.88703849175177,0.20401385343021683,66.6102120974077,96,29,MIDI-Unprocessed_20_R1_2011_MID--AUDIO_R1-D8_04_Track04_wav.midi,2011
1354,62.17429837518464,0.4113688992491383,59.11004431314623,84,36,MIDI-Unprocessed_21_R1_2011_MID--AUDIO_R1-D8_07_Track07_wav.midi,2011
6304,61.985881979695435,0.16280110677083331,61.96986040609137,96,29,MIDI-Unprocessed_21_R1_2011_MID--AUDIO_R1-D8_08_Track08_wav.midi,2011
2235,64.02147651006712,0.0898245246085012,68.9337807606264,100,25,MIDI-Unprocessed_21_R1_2011_MID--AUDIO_R1-D8_09_Track09_wav.midi,2011
8168,66.06598922624877,0.10402941228983027,68.8552889324192,105,24,MIDI-Unprocessed_21_R1_2011_MID--AUDIO_R1-D8_10_Track10_wav.midi,2011
3946,63.22022301064369,0.17996170964267608,70.29954384186517,98,28,MIDI-Unprocessed_22_R1_2011_MID--AUDIO_R1-D8_11_Track11_wav.midi,2011
129,65.06201550387597,1.1151788598191215,65.0,81,43,MIDI-Unprocessed_22_R1_2011_MID--AUDIO_R1-D8_12_Track12_wav.midi,2011
4011,63.7347294938918,0.17709372143272675,69.04163550236849,89,30,MIDI-Unprocessed_22_R1_2011_MID--AUDIO_R1-D8_13_Track13_wav.midi,2011
3831,63.705559906029755,0.2777492277908292,58.41007569825111,101,29,MIDI-Unprocessed_22_R2_2011_MID--AUDIO_R2-D5_08_Track08_wav.midi,2011
1647,56.79234972677595,0.45068764546650497,60.939890710382514,88,25,MIDI-Unprocessed_22_R2_2011_MID--AUDIO_R2-D5_10_Track10_wav.midi,2011
6277,61.40130635653975,0.12362697314269033,72.27003345547236,100,24,MIDI-Unprocessed_22_R2_2011_MID--AUDIO_R2-D5_11_Track11_wav.midi,2011
7378,62.96204933586338,0.15770544608972642,68.29316888045541,96,29,MIDI-Unprocessed_22_R3_2011_MID--AUDIO_R3-D7_03_Track03_wav.midi,2011
2852,71.97931276297335,0.26441605306217875,53.15252454417952,101,30,MIDI-Unprocessed_22_R3_2011_MID--AUDIO_R3-D7_07_Track07_wav.midi,2011
4473,58.77531857813548,0.1268912665809672,64.7809076682316,104,27,MIDI-Unprocessed_22_R3_2011_MID--AUDIO_R3-D7_08_Track08_wav.midi,2011
5404,70.4559585492228,0.14546829701764136,67.97501850481125,103,26,MIDI-Unprocessed_22_R3_2011_MID--AUDIO_R3-D7_09_Track09_wav.midi,2011
1645,62.81641337386018,0.266133960233029,58.863829787234046,84,36,MIDI-Unprocessed_23_R1_2011_MID--AUDIO_R1-D9_02_Track02_wav.midi,2011
2111,61.49786830885836,0.24375851196115553,59.37565135007106,91,31,MIDI-Unprocessed_23_R1_2011_MID--AUDIO_R1-D9_03_Track03_wav.midi,2011
5995,64.18298582151793,0.2544516263552963,63.46788990825688,101,24,MIDI-Unprocessed_23_R1_2011_MID--AUDIO_R1-D9_04_Track04_wav.midi,2011
2575,64.67145631067962,0.0951506877022655,70.22873786407767,96,21,MIDI-Unprocessed_23_R1_2011_MID--AUDIO_R1-D9_05_Track05_wav.midi,2011
2625,60.91428571428571,0.25829216269841243,50.29447619047619,85,29,MIDI-Unprocessed_23_R2_2011_MID--AUDIO_R2-D6_03_Track03_wav.midi,2011
4498,73.30880391285015,0.11564254251889707,70.0080035571365,107,28,MIDI-Unprocessed_23_R2_2011_MID--AUDIO_R2-D6_04_Track04_wav.midi,2011
945,56.25396825396825,0.8297412367724868,43.06878306878307,81,25,MIDI-Unprocessed_23_R3_2011_MID--AUDIO_R3-D8_03_Track03_wav.midi,2011
4368,61.24152930402931,0.22508871336996328,62.35989010989011,91,25,MIDI-Unprocessed_23_R3_2011_MID--AUDIO_R3-D8_04_Track04_wav.midi,2011
7732,61.00323331608898,0.20536626061605429,64.80056906363166,101,26,MIDI-Unprocessed_23_R3_2011_MID--AUDIO_R3-D8_05_Track05_wav.midi,2011
2243,64.24074899687918,0.137207539196017,64.72001783325902,84,37,MIDI-Unprocessed_24_R1_2011_MID--AUDIO_R1-D9_08_Track08_wav.midi,2011
3957,67.48193075562294,0.16990427038581396,64.72175890826384,94,30,MIDI-Unprocessed_24_R1_2011_MID--AUDIO_R1-D9_09_Track09_wav.midi,2011
2327,69.1809196390202,0.11227349233634139,70.43575418994413,101,25,MIDI-Unprocessed_24_R1_2011_MID--AUDIO_R1-D9_10_Track10_wav.midi,2011
1256,60.22452229299363,0.12151464636411892,65.20859872611464,101,31,MIDI-Unprocessed_24_R1_2011_MID--AUDIO_R1-D9_11_Track11_wav.midi,2011
3069,63.22450309547084,0.19117078038449006,70.79765395894428,84,36,MIDI-Unprocessed_25_R1_2011_MID--AUDIO_R1-D9_14_Track14_wav.midi,2011
6241,62.10959782086204,0.16350294423970482,67.14004165999039,96,28,MIDI-Unprocessed_25_R1_2011_MID--AUDIO_R1-D9_15_Track15_wav.midi,2011
4850,59.51257731958763,0.2422368986254295,56.15298969072165,92,29,MIDI-Unprocessed_25_R2_2011_MID--AUDIO_R2-D6_07_Track07_wav.midi,2011
2180,61.258256880733946,0.2421223958333336,48.35321100917431,102,29,MIDI-Unprocessed_25_R2_2011_MID--AUDIO_R2-D6_08_Track08_wav.midi,2011
1515,59.35445544554455,0.24988741061606168,72.41848184818483,83,28,MIDI-Unprocessed_25_R3_2011_MID--AUDIO_R3-D9_02_Track02_wav.midi,2011
3340,62.43892215568862,0.2566776603043911,69.62754491017964,84,21,MIDI-Unprocessed_25_R3_2011_MID--AUDIO_R3-D9_03_Track03_wav.midi,2011
7284,62.85626029654036,0.16383082784184486,65.53871499176277,96,24,MIDI-Unprocessed_25_R3_2011_MID--AUDIO_R3-D9_04_Track04_wav.midi,2011
1716,72.92890442890443,0.3696725366647242,50.163170163170165,101,32,MIDI-Unprocessed_25_R3_2011_MID--AUDIO_R3-D9_05_Track05_wav.midi,2011
11875,70.14105263157894,0.10493706140350907,69.57397894736842,105,24,MIDI-Unprocessed_25_R3_2011_MID--AUDIO_R3-D9_06_Track06_wav.midi,2011
7277,61.39219458568091,0.1574239684966333,64.98062388346847,101,26,ORIG-MIDI_01_7_10_13_Group_MID--AUDIO_02_R3_2013_wav--1.midi,2013
3271,62.291653928462246,0.29122281985631376,72.20146744114949,83,35,ORIG-MIDI_01_7_10_13_Group_MID--AUDIO_07_R3_2013_wav--1.midi,2013
7424,62.97238685344828,0.196723148740571,65.76333512931035,96,29,ORIG-MIDI_01_7_10_13_Group_MID--AUDIO_07_R3_2013_wav--2.midi,2013
4773,63.773517703750265,0.22040563455897705,65.49926670856904,102,25,ORIG-MIDI_01_7_10_13_Group_MID--AUDIO_07_R3_2013_wav--3.midi,2013
7421,63.04352513138391,0.1609995073103358,66.81754480528231,96,28,ORIG-MIDI_01_7_10_13_Group_MID--AUDIO_08_R3_2013_wav--1.midi,2013
7720,63.50660621761658,0.2155727142702932,70.1380829015544,84,36,ORIG-MIDI_01_7_10_13_Group_MID--AUDIO_08_R3_2013_wav--2.midi,2013
5169,65.37028438769588,0.21524503047011076,70.52582704585026,101,26,ORIG-MIDI_01_7_10_13_Group_MID--AUDIO_08_R3_2013_wav--3.midi,2013
4543,63.143297380585516,0.18281158283806626,68.16927140655955,84,37,ORIG-MIDI_01_7_6_13_Group__MID--AUDIO_01_R1_2013_wav--1.midi,2013
3955,63.77749683944374,0.15022518963337547,65.18280657395702,89,30,ORIG-MIDI_01_7_6_13_Group__MID--AUDIO_01_R1_2013_wav--2.midi,2013
1751,62.23814962878355,0.3063108283361889,62.97601370645346,95,27,ORIG-MIDI_01_7_6_13_Group__MID--AUDIO_01_R1_2013_wav--3.midi,2013
6104,64.33109436435124,0.07113696790356056,69.79685452162516,108,24,ORIG-MIDI_01_7_6_13_Group__MID--AUDIO_01_R1_2013_wav--4.midi,2013
1519,64.32192231731402,0.6229701558042574,55.44371296905859,84,38,ORIG-MIDI_01_7_6_13_Group__MID--AUDIO_02_R1_2013_wav--1.midi,2013
3993,63.72351615326822,0.14550039391852457,67.87427998998247,91,30,ORIG-MIDI_01_7_6_13_Group__MID--AUDIO_02_R1_2013_wav--2.midi,2013
1100,52.85818181818182,0.448174715909091,55.46,83,25,ORIG-MIDI_01_7_6_13_Group__MID--AUDIO_02_R1_2013_wav--4.midi,2013
4097,77.20063461069076,0.055513498189732176,69.4422748352453,102,28,ORIG-MIDI_01_7_6_13_Group__MID--AUDIO_02_R1_2013_wav--5.midi,2013
1359,61.39514348785872,0.5562894744910472,69.84032376747608,83,36,ORIG-MIDI_01_7_6_13_Group__MID--AUDIO_03_R1_2013_wav--1.midi,2013
6630,61.588386123680245,0.17016009929612907,66.2764705882353,93,29,ORIG-MIDI_01_7_6_13_Group__MID--AUDIO_03_R1_2013_wav--2.midi,2013
2473,72.29640113222807,0.11858330384822742,67.48685806712496,101,30,ORIG-MIDI_01_7_6_13_Group__MID--AUDIO_03_R1_2013_wav--3.midi,2013
5600,66.46232142857143,0.15491582961309538,70.30821428571429,106,23,ORIG-MIDI_01_7_6_13_Group__MID--AUDIO_03_R1_2013_wav--4.midi,2013
1559,62.09942270686337,0.34931747113534317,70.02052597819115,84,36,ORIG-MIDI_01_7_6_13_Group__MID--AUDIO_04_R1_2013_wav--1.midi,2013
3509,66.10914790538615,0.13157164315569492,71.87375320604161,89,29,ORIG-MIDI_01_7_6_13_Group__MID--AUDIO_04_R1_2013_wav--2.midi,2013
3947,60.98733215100076,0.1271739876277343,72.78616670889284,102,21,ORIG-MIDI_01_7_6_13_Group__MID--AUDIO_04_R1_2013_wav--3.midi,2013
5525,66.41321266968326,0.16252592383107098,71.3752036199095,101,29,ORIG-MIDI_01_7_6_13_Group__MID--AUDIO_04_R1_2013_wav--4.midi,2013
2006,63.18195413758724,0.46486646830342365,69.61864406779661,83,37,ORIG-MIDI_01_7_7_13_Group__MID--AUDIO_11_R1_2013_wav--1.midi,2013
2214,64.27551942186089,0.1252628867434507,67.31165311653116,89,29,ORIG-MIDI_01_7_7_13_Group__MID--AUDIO_11_R1_2013_wav--2.midi,2013
1842,63.21824104234528,0.2553949511400653,64.02823018458197,87,30,ORIG-MIDI_01_7_7_13_Group__MID--AUDIO_11_R1_2013_wav--3.midi,2013
6143,64.72000651147648,0.08258489507026956,72.67491453687124,107,23,ORIG-MIDI_01_7_7_13_Group__MID--AUDIO_11_R1_2013_wav--4.midi,2013
2235,64.1821029082774,0.15761034209545116,63.6586129753915,84,37,ORIG-MIDI_01_7_7_13_Group__MID--AUDIO_12_R1_2013_wav--1.midi,2013
2097,68.96328087744396,0.16895353977904942,65.26800190748689,89,38,ORIG-MIDI_01_7_7_13_Group__MID--AUDIO_12_R1_2013_wav--2.midi,2013
1427,69.42676944639103,0.44178309682317246,56.01892081289419,88,40,ORIG-MIDI_01_7_7_13_Group__MID--AUDIO_12_R1_2013_wav--3.midi,2013
3357,74.19183795055109,0.17103448329361554,65.7444146559428,105,35,ORIG-MIDI_01_7_7_13_Group__MID--AUDIO_12_R1_2013_wav--4.midi,2013
5401,68.49657470838734,0.16131681825896435,58.44065913719682,101,29,ORIG-MIDI_01_7_7_13_Group__MID--AUDIO_12_R1_2013_wav--5.midi,2013
2280,64.25043859649122,0.1409351014254388,74.59122807017543,84,37,ORIG-MIDI_01_7_7_13_Group__MID--AUDIO_13_R1_2013_wav--1.midi,2013
4891,61.71744019627888,0.1508119185749335,70.50337354324269,90,26,ORIG-MIDI_01_7_7_13_Group__MID--AUDIO_13_R1_2013_wav--2.midi,2013
4869,65.92421441774492,0.09675209231875109,73.93612651468474,104,28,ORIG-MIDI_01_7_7_13_Group__MID--AUDIO_13_R1_2013_wav--3.midi,2013
6107,68.88079253315867,0.15328614533868196,66.77206484362208,101,29,ORIG-MIDI_01_7_7_13_Group__MID--AUDIO_13_R1_2013_wav--4.midi,2013
1904,61.94957983193277,0.2025279838497896,66.0546218487395,83,37,ORIG-MIDI_01_7_7_13_Group__MID--AUDIO_14_R1_2013_wav--1.midi,2013
2273,68.01187857457106,0.273257052903652,65.54157501099868,89,31,ORIG-MIDI_01_7_7_13_Group__MID--AUDIO_14_R1_2013_wav--2.midi,2013
2254,63.91526175687667,0.0828717696317658,74.02307009760426,100,25,ORIG-MIDI_01_7_7_13_Group__MID--AUDIO_14_R1_2013_wav--3.midi,2013
9642,67.79910806886538,0.1442621095640602,66.17361543248289,103,22,ORIG-MIDI_01_7_7_13_Group__MID--AUDIO_14_R1_2013_wav--4.midi,2013
6276,64.6059592096877,0.17365364251380952,55.45203951561504,101,29,ORIG-MIDI_01_7_8_13_Group__MID--AUDIO_02_R2_2013_wav--1.midi,2013
966,56.3592132505176,0.4325652928743962,54.02277432712215,91,25,ORIG-MIDI_01_7_8_13_Group__MID--AUDIO_02_R2_2013_wav--2.midi,2013
1423,68.16163035839776,0.3139347622394005,49.41040056219255,99,22,ORIG-MIDI_01_7_8_13_Group__MID--AUDIO_02_R2_2013_wav--3.midi,2013
5914,67.28187352045992,0.0674353229624617,73.56679066621577,104,25,ORIG-MIDI_01_7_8_13_Group__MID--AUDIO_02_R2_2013_wav--5.midi,2013
8673,65.36561743341404,0.15367600959875474,63.56266574426381,102,27,ORIG-MIDI_01_7_8_13_Group__MID--AUDIO_03_R2_2013_wav--1.midi,2013
3155,65.21109350237718,0.17959546685155853,68.1458003169572,101,30,ORIG-MIDI_01_7_8_13_Group__MID--AUDIO_03_R2_2013_wav--2.midi,2013
4917,59.38763473662802,0.2263879885262016,66.00406752084605,92,29,ORIG-MIDI_01_7_8_13_Group__MID--AUDIO_04_R2_2013_wav--1.midi,2013
7245,60.150448585231196,0.25080227743271205,72.7175983436853,104,25,ORIG-MIDI_01_7_8_13_Group__MID--AUDIO_04_R2_2013_wav--3.midi,2013
8202,66.48329675688856,0.12931932252296202,71.30248719824434,105,24,ORIG-MIDI_01_7_8_13_Group__MID--AUDIO_07_R2_2013_wav--1.midi,2013
2642,60.86903860711582,0.3252532212023722,54.1559424678274,85,29,ORIG-MIDI_01_7_8_13_Group__MID--AUDIO_07_R2_2013_wav--2.midi,2013
7316,61.01667577911427,0.17574601045653382,66.18753417167851,103,26,ORIG-MIDI_02_7_10_13_Group_MID--AUDIO_11_R3_2013_wav--1.midi,2013
6498,61.18836565096953,0.17501819470093352,73.16528162511543,96,21,ORIG-MIDI_02_7_10_13_Group_MID--AUDIO_11_R3_2013_wav--3.midi,2013
7216,62.95038802660754,0.16377324839477073,59.252078713968956,96,28,ORIG-MIDI_02_7_10_13_Group_MID--AUDIO_12_R3_2013_wav--1.midi,2013
2372,63.39671163575042,0.3190729957138842,49.408516020236085,100,29,ORIG-MIDI_02_7_10_13_Group_MID--AUDIO_12_R3_2013_wav--2.midi,2013
4733,67.86794844707374,0.13232968650961324,61.442848087893516,105,21,ORIG-MIDI_02_7_10_13_Group_MID--AUDIO_12_R3_2013_wav--3.midi,2013
11844,70.60089496791625,0.10008429901215761,63.22762580209389,105,24,ORIG-MIDI_02_7_10_13_Group_MID--AUDIO_12_R3_2013_wav--4.midi,2013
7395,62.823123732251524,0.14488727603110235,68.02150101419878,96,29,ORIG-MIDI_02_7_10_13_Group_MID--AUDIO_14_R3_2013_wav--1.midi,2013
11826,59.45374598342635,0.24942107608940753,64.94512092000676,100,22,ORIG-MIDI_02_7_10_13_Group_MID--AUDIO_14_R3_2013_wav--2.midi,2013
2438,61.18416735028712,0.32663652327727616,64.6160787530763,83,37,ORIG-MIDI_02_7_6_13_Group__MID--AUDIO_05_R1_2013_wav--1.midi,2013
6632,61.60856453558504,0.14426089886158044,63.01553075995175,93,29,ORIG-MIDI_02_7_6_13_Group__MID--AUDIO_05_R1_2013_wav--2.midi,2013
1358,63.11413843888071,0.3715664503559159,60.54860088365243,95,27,ORIG-MIDI_02_7_6_13_Group__MID--AUDIO_05_R1_2013_wav--3.midi,2013
3520,61.434375,0.16530539772727276,70.81221590909091,90,26,ORIG-MIDI_02_7_6_13_Group__MID--AUDIO_06_R1_2013_wav--1.midi,2013
2339,62.020949123557074,0.44038028181559064,62.52800342026507,83,37,ORIG-MIDI_02_7_6_13_Group__MID--AUDIO_06_R1_2013_wav--2.midi,2013
1391,70.69158878504673,0.08851077612029709,61.06613946800863,96,28,ORIG-MIDI_02_7_6_13_Group__MID--AUDIO_06_R1_2013_wav--3.midi,2013
4869,64.12487163688643,0.14132270700691438,64.63010885192031,100,28,ORIG-MIDI_02_7_6_13_Group__MID--AUDIO_06_R1_2013_wav--4.midi,2013
2355,62.35456475583864,0.16198746019108287,69.276008492569,84,36,ORIG-MIDI_02_7_6_13_Group__MID--AUDIO_07_R1_2013_wav--1.midi,2013
1979,66.60939868620515,0.26494007390095997,62.73370389085397,88,30,ORIG-MIDI_02_7_6_13_Group__MID--AUDIO_07_R1_2013_wav--2.midi,2013
4274,72.1607393542349,0.07484998927624403,63.79995320542817,101,29,ORIG-MIDI_02_7_6_13_Group__MID--AUDIO_07_R1_2013_wav--3.midi,2013
1182,64.20473773265651,0.33767361111111094,65.53637901861252,83,37,ORIG-MIDI_02_7_6_13_Group__MID--AUDIO_08_R1_2013_wav--1.midi,2013
2804,61.42225392296719,0.31001749732524947,70.55706134094152,89,29,ORIG-MIDI_02_7_6_13_Group__MID--AUDIO_08_R1_2013_wav--2.midi,2013
2306,64.32653946227234,0.09010235978606522,74.09323503902863,100,25,ORIG-MIDI_02_7_6_13_Group__MID--AUDIO_08_R1_2013_wav--3.midi,2013
2787,74.24219590958019,0.1571180555555554,63.60531036957302,104,27,ORIG-MIDI_02_7_6_13_Group__MID--AUDIO_08_R1_2013_wav--4.midi,2013
3105,71.22576489533012,0.0540404421631774,69.2402576489533,102,30,ORIG-MIDI_02_7_6_13_Group__MID--AUDIO_08_R1_2013_wav--5.midi,2013
1519,64.28966425279789,0.6338428516567917,65.62409479921001,84,38,ORIG-MIDI_02_7_7_13_Group__MID--AUDIO_15_R1_2013_wav--1.midi,2013
3314,68.09776704888353,0.17993110038221713,64.02112251056126,89,29,ORIG-MIDI_02_7_7_13_Group__MID--AUDIO_15_R1_2013_wav--2.midi,2013
4215,71.87544483985765,0.06062425860023709,63.892526690391456,101,29,ORIG-MIDI_02_7_7_13_Group__MID--AUDIO_15_R1_2013_wav--3.midi,2013
4637,67.88419236575372,0.10592645882754662,70.87427215872331,105,21,ORIG-MIDI_02_7_7_13_Group__MID--AUDIO_15_R1_2013_wav--4.midi,2013
2381,63.80764384712306,0.11737015259694825,71.07097858042839,84,33,ORIG-MIDI_02_7_7_13_Group__MID--AUDIO_16_R1_2013_wav--1.midi,2013
4355,64.1910447761194,0.19144242728664396,69.8691159586682,89,29,ORIG-MIDI_02_7_7_13_Group__MID--AUDIO_16_R1_2013_wav--2.midi,2013
1925,63.195844155844156,0.2330059523809527,65.24675324675324,87,30,ORIG-MIDI_02_7_7_13_Group__MID--AUDIO_16_R1_2013_wav--3.midi,2013
1191,64.19479429051218,0.23364797614049831,71.08732157850545,83,37,ORIG-MIDI_02_7_7_13_Group__MID--AUDIO_17_R1_2013_wav--1.midi,2013
3526,66.27311401020987,0.11462358491680878,69.23369256948384,89,29,ORIG-MIDI_02_7_7_13_Group__MID--AUDIO_17_R1_2013_wav--2.midi,2013
2330,69.18927038626609,0.08840642882689555,70.13175965665236,101,25,ORIG-MIDI_02_7_7_13_Group__MID--AUDIO_17_R1_2013_wav--3.midi,2013
6247,63.722906995357775,0.19767008997652216,66.57947814951177,101,24,ORIG-MIDI_02_7_7_13_Group__MID--AUDIO_17_R1_2013_wav--4.midi,2013
1529,64.2916939175932,0.7567165017985612,61.82406801831262,84,38,ORIG-MIDI_02_7_7_13_Group__MID--AUDIO_18_R1_2013_wav--1.midi,2013
2037,67.42562592047128,0.2191194669448535,64.74423171330388,89,34,ORIG-MIDI_02_7_7_13_Group__MID--AUDIO_18_R1_2013_wav--3.midi,2013
2314,64.6581676750216,0.2679686374603858,49.66335350043215,91,34,ORIG-MIDI_02_7_7_13_Group__MID--AUDIO_18_R1_2013_wav--4.midi,2013
3527,63.683583782251205,0.17995182993100844,68.00992344768926,98,28,ORIG-MIDI_02_7_7_13_Group__MID--AUDIO_18_R1_2013_wav--5.midi,2013
4637,63.36295018330817,0.20897805693336194,72.03191718783697,84,37,ORIG-MIDI_02_7_7_13_Group__MID--AUDIO_19_R1_2013_wav--1.midi,2013
2266,67.99646954986761,0.2703242221977052,66.85525154457193,89,31,ORIG-MIDI_02_7_7_13_Group__MID--AUDIO_19_R1_2013_wav--2.midi,2013
1410,69.56382978723404,0.20558695330969265,76.03191489361703,101,24,ORIG-MIDI_02_7_7_13_Group__MID--AUDIO_19_R1_2013_wav--3.midi,2013
6115,64.55715453802127,0.25764002452984464,58.14668847097302,101,29,ORIG-MIDI_02_7_8_13_Group__MID--AUDIO_08_R2_2013_wav--1.midi,2013
3259,67.97422522246087,0.10285219776004934,74.04326480515496,101,24,ORIG-MIDI_02_7_8_13_Group__MID--AUDIO_08_R2_2013_wav--2.midi,2013
5607,68.36721954699483,0.13036206601866704,65.60923845193508,101,29,ORIG-MIDI_02_7_8_13_Group__MID--AUDIO_08_R2_2013_wav--3.midi,2013
3752,63.94616204690831,0.25777189665511735,58.96588486140725,101,29,ORIG-MIDI_02_7_8_13_Group__MID--AUDIO_11_R2_2013_wav--1.midi,2013
9869,67.71597932921269,0.09164217921437487,70.54504002431857,105,22,ORIG-MIDI_02_7_8_13_Group__MID--AUDIO_11_R2_2013_wav--3.midi,2013
1993,65.07074761665831,0.2737889906338851,66.22177621675866,85,36,ORIG-MIDI_02_7_8_13_Group__MID--AUDIO_12_R2_2013_wav--1.midi,2013
3740,63.84572192513369,0.2714331968582887,50.596256684491976,101,29,ORIG-MIDI_02_7_8_13_Group__MID--AUDIO_12_R2_2013_wav--2.midi,2013
5046,65.26952041220768,0.21198747564077178,64.48612762584226,101,26,ORIG-MIDI_02_7_8_13_Group__MID--AUDIO_12_R2_2013_wav--3.midi,2013
3852,63.650571131879545,0.24467775127639382,57.73935617860852,101,29,ORIG-MIDI_02_7_8_13_Group__MID--AUDIO_14_R2_2013_wav--1.midi,2013
6171,68.70604440123157,0.1387059515610653,71.18992059633771,108,21,ORIG-MIDI_02_7_8_13_Group__MID--AUDIO_14_R2_2013_wav--4.midi,2013
7319,61.42396502254406,0.15807014135583175,66.85749419319579,101,26,ORIG-MIDI_03_7_10_13_Group_MID--AUDIO_15_R3_2013_wav--1.midi,2013
2582,61.27188226181255,0.3061035534469405,56.96359411309063,81,35,ORIG-MIDI_03_7_10_13_Group_MID--AUDIO_15_R3_2013_wav--2.midi,2013
2873,68.1740341106857,0.15062244387399948,64.24608423250957,89,29,ORIG-MIDI_03_7_10_13_Group_MID--AUDIO_17_R3_2013_wav--1.midi,2013
7576,61.28247096092925,0.17156340059618136,68.46462513199577,101,24,ORIG-MIDI_03_7_10_13_Group_MID--AUDIO_17_R3_2013_wav--2.midi,2013
9364,59.16339171294319,0.33304299266695114,62.50768902178556,94,21,ORIG-MIDI_03_7_10_13_Group_MID--AUDIO_17_R3_2013_wav--3.midi,2013
4634,63.646525679758305,0.20996501177888036,60.337936987483815,102,25,ORIG-MIDI_03_7_10_13_Group_MID--AUDIO_18_R3_2013_wav--1.midi,2013
7006,67.12532115329718,0.26715122157198573,56.63845275478162,106,22,ORIG-MIDI_03_7_10_13_Group_MID--AUDIO_18_R3_2013_wav--2.midi,2013
7531,61.35068384012747,0.20178124861682806,64.53326251493826,101,26,ORIG-MIDI_03_7_10_13_Group_MID--AUDIO_18_R3_2013_wav--3.midi,2013
1605,61.259813084112146,0.24498961578400827,67.7632398753894,84,33,ORIG-MIDI_03_7_6_13_Group__MID--AUDIO_09_R1_2013_wav--1.midi,2013
4231,77.03994327582132,0.06345094244859366,68.19617111793902,102,27,ORIG-MIDI_03_7_6_13_Group__MID--AUDIO_09_R1_2013_wav--2.midi,2013
1832,65.87663755458516,0.1562407603256912,61.73471615720524,86,29,ORIG-MIDI_03_7_6_13_Group__MID--AUDIO_09_R1_2013_wav--3.midi,2013
5937,64.19504800404245,0.23282508877940555,65.04177193868958,101,24,ORIG-MIDI_03_7_6_13_Group__MID--AUDIO_09_R1_2013_wav--4.midi,2013
1926,62.27310488058151,0.2723605432242993,67.55970924195223,83,35,ORIG-MIDI_03_7_6_13_Group__MID--AUDIO_10_R1_2013_wav--1.midi,2013
2734,66.09839063643014,0.1489056594428188,64.01207022677396,89,29,ORIG-MIDI_03_7_6_13_Group__MID--AUDIO_10_R1_2013_wav--2.midi,2013
2110,62.91469194312796,0.11853401461295413,58.05071090047393,92,32,ORIG-MIDI_03_7_6_13_Group__MID--AUDIO_10_R1_2013_wav--3.midi,2013
4965,63.86344410876133,0.2230517266700236,70.73675730110776,101,28,ORIG-MIDI_03_7_6_13_Group__MID--AUDIO_10_R1_2013_wav--4.midi,2013
5798,64.41134874094516,0.17951053524203678,55.77819937909624,101,29,ORIG-MIDI_03_7_8_13_Group__MID--AUDIO_15_R2_2013_wav--1.midi,2013
7034,60.098237133920954,0.18970487838830394,69.6081887972704,104,25,ORIG-MIDI_03_7_8_13_Group__MID--AUDIO_15_R2_2013_wav--2.midi,2013
2606,57.19109746738296,0.37605625639549767,50.08595548733692,79,29,ORIG-MIDI_03_7_8_13_Group__MID--AUDIO_17_R2_2013_wav--2.midi,2013
12180,70.18538587848933,0.09172043907361825,71.93555008210181,105,24,ORIG-MIDI_03_7_8_13_Group__MID--AUDIO_17_R2_2013_wav--3.midi,2013
6238,64.69076627124078,0.23421051752698532,53.916479640910545,101,29,ORIG-MIDI_03_7_8_13_Group__MID--AUDIO_18_R2_2013_wav--1.midi,2013
1413,63.26822363765039,0.4142818176456714,55.67020523708422,94,27,ORIG-MIDI_03_7_8_13_Group__MID--AUDIO_18_R2_2013_wav--3.midi,2013
4805,62.676378772112386,0.22663241415192542,62.28720083246618,99,25,ORIG-MIDI_03_7_8_13_Group__MID--AUDIO_18_R2_2013_wav--4.midi,2013
3877,63.660820221821,0.29337814891238995,59.76786174877483,101,29,ORIG-MIDI_03_7_8_13_Group__MID--AUDIO_19_R2_2013_wav--1.midi,2013
5362,63.096232748974266,0.2528193188176048,70.21428571428571,100,23,ORIG-MIDI_03_7_8_13_Group__MID--AUDIO_19_R2_2013_wav--3.midi,2013
6146,61.47868532378783,0.16009269240156176,72.17735112268142,100,24,ORIG-MIDI_03_7_8_13_Group__MID--AUDIO_19_R2_2013_wav--4.midi,2013
1376,69.43095930232558,0.12723417060319775,69.45930232558139,86,33,MIDI-UNPROCESSED_01-03_R1_2014_MID--AUDIO_01_R1_2014_wav--1.midi,2014
505,65.53663366336633,0.624074360561056,49.988118811881186,86,44,MIDI-UNPROCESSED_01-03_R1_2014_MID--AUDIO_01_R1_2014_wav--2.midi,2014
8544,61.96734550561798,0.3548980217599093,66.92251872659176,99,21,MIDI-UNPROCESSED_01-03_R1_2014_MID--AUDIO_01_R1_2014_wav--3.midi,2014
2545,61.22946954813359,0.45179631221349037,55.766601178781926,81,35,MIDI-UNPROCESSED_01-03_R1_2014_MID--AUDIO_01_R1_2014_wav--5.midi,2014
2034,62.829400196656835,0.5413049768518515,67.38888888888889,84,36,MIDI-UNPROCESSED_01-03_R1_2014_MID--AUDIO_02_R1_2014_wav--1.midi,2014
8087,60.927908989736615,0.34201560632290456,60.377272165203415,96,24,MIDI-UNPROCESSED_01-03_R1_2014_MID--AUDIO_02_R1_2014_wav--2.midi,2014
5736,61.616980474198044,0.28988833318805246,67.28817991631799,93,23,MIDI-UNPROCESSED_01-03_R1_2014_MID--AUDIO_02_R1_2014_wav--4.midi,2014
16658,63.735442430063635,0.21587678717933334,71.34944170968903,103,21,MIDI-UNPROCESSED_01-03_R1_2014_MID--AUDIO_02_R1_2014_wav--5.midi,2014
1286,62.88802488335925,0.3968316647226544,61.922239502332815,83,37,MIDI-UNPROCESSED_01-03_R1_2014_MID--AUDIO_03_R1_2014_wav--2.midi,2014
6515,61.724021488871834,0.14928350441289334,63.6023023791251,93,29,MIDI-UNPROCESSED_01-03_R1_2014_MID--AUDIO_03_R1_2014_wav--3.midi,2014
2401,63.418992086630574,0.2938754902471191,61.018742190753855,99,35,MIDI-UNPROCESSED_01-03_R1_2014_MID--AUDIO_03_R1_2014_wav--4.midi,2014
5943,63.34241965337372,0.2215320720455442,62.18610129564193,101,24,MIDI-UNPROCESSED_01-03_R1_2014_MID--AUDIO_03_R1_2014_wav--5.midi,2014
15870,64.3074984247007,0.14594286586326402,64.66187775677379,103,25,MIDI-UNPROCESSED_01-03_R1_2014_MID--AUDIO_03_R1_2014_wav--6.midi,2014
1650,67.61575757575757,0.07961016414141424,61.983636363636364,84,38,MIDI-UNPROCESSED_04-05_R1_2014_MID--AUDIO_04_R1_2014_wav--1.midi,2014
11207,60.82368162755421,0.17848824023675644,63.958597305255644,89,29,MIDI-UNPROCESSED_04-05_R1_2014_MID--AUDIO_04_R1_2014_wav--2.midi,2014
12107,63.37738498389361,0.2303582982296749,67.35037581564384,99,25,MIDI-UNPROCESSED_04-05_R1_2014_MID--AUDIO_04_R1_2014_wav--3.midi,2014
1354,63.023633677991135,0.4140644233136383,58.15509601181684,95,27,MIDI-UNPROCESSED_04-05_R1_2014_MID--AUDIO_04_R1_2014_wav--4.midi,2014
3057,61.656853123977754,0.1369449214916584,69.18809290153746,94,24,MIDI-UNPROCESSED_04-05_R1_2014_MID--AUDIO_04_R1_2014_wav--5.midi,2014
5148,63.81759906759907,0.3826169851560473,65.74980574980574,86,26,MIDI-UNPROCESSED_04-05_R1_2014_MID--AUDIO_05_R1_2014_wav--1.midi,2014
1504,62.59574468085106,0.3813329385527481,45.368351063829785,84,26,MIDI-UNPROCESSED_04-05_R1_2014_MID--AUDIO_05_R1_2014_wav--2.midi,2014
1703,73.00645918966529,0.33471952069876704,51.860246623605406,101,32,MIDI-UNPROCESSED_04-05_R1_2014_MID--AUDIO_05_R1_2014_wav--4.midi,2014
1221,59.47665847665848,0.1846910831285831,57.957411957411956,101,36,MIDI-UNPROCESSED_04-05_R1_2014_MID--AUDIO_05_R1_2014_wav--5.midi,2014
934,65.65631691648822,0.4636071890613847,49.86188436830835,99,32,MIDI-UNPROCESSED_04-05_R1_2014_MID--AUDIO_05_R1_2014_wav--6.midi,2014
9659,67.88404596749146,0.15323589074956007,64.38306242882285,106,23,MIDI-UNPROCESSED_04-05_R1_2014_MID--AUDIO_05_R1_2014_wav--7.midi,2014
12694,66.59059398140855,0.1423335868980094,60.560264691980464,104,22,MIDI-UNPROCESSED_04-05_R1_2014_MID--AUDIO_05_R1_2014_wav--8.midi,2014
18876,63.48241152786607,0.2711080152486397,58.91290527654164,101,28,MIDI-UNPROCESSED_04-07-08-10-12-15-17_R2_2014_MID--AUDIO_04_R2_2014_wav.midi,2014
18525,60.3868286099865,0.15470240103463814,64.10051282051282,101,28,MIDI-UNPROCESSED_04-07-08-10-12-15-17_R2_2014_MID--AUDIO_07_R2_2014_wav.midi,2014
18362,65.38149439058925,0.23025168883654726,64.65777148458774,100,29,MIDI-UNPROCESSED_04-07-08-10-12-15-17_R2_2014_MID--AUDIO_08_R2_2014_wav.midi,2014
20559,63.72318692543411,0.16061307801125252,64.00987402110998,100,28,MIDI-UNPROCESSED_04-07-08-10-12-15-17_R2_2014_MID--AUDIO_10_R2_2014_wav.midi,2014
21521,63.251986431857254,0.22108849834657474,54.405510896333816,101,28,MIDI-UNPROCESSED_04-07-08-10-12-15-17_R2_2014_MID--AUDIO_12_R2_2014_wav.midi,2014
19014,64.16714000210371,0.15440678578941874,68.1037130535395,100,28,MIDI-UNPROCESSED_04-07-08-10-12-15-17_R2_2014_MID--AUDIO_15_R2_2014_wav.midi,2014
18243,65.37466425478266,0.22363928972756633,59.722085183358,100,29,MIDI-UNPROCESSED_04-07-08-10-12-15-17_R2_2014_MID--AUDIO_17_R2_2014_wav.midi,2014
12598,64.45197650420701,0.17002461121474335,69.38069534846801,104,21,MIDI-UNPROCESSED_04-08-12_R3_2014_MID--AUDIO_04_R3_2014_wav--1.midi,2014
9992,67.61829463570857,0.12024736977081647,67.96357085668535,105,26,MIDI-UNPROCESSED_04-08-12_R3_2014_MID--AUDIO_04_R3_2014_wav--2.midi,2014
18998,62.500052637119694,0.18222162091623692,69.48005053163492,100,24,MIDI-UNPROCESSED_04-08-12_R3_2014_MID--AUDIO_08_R3_2014_wav.midi,2014
7816,62.50409416581372,0.26214889063033064,55.871929375639716,96,29,MIDI-UNPROCESSED_04-08-12_R3_2014_MID--AUDIO_12_R3_2014_wav--1.midi,2014
5636,63.659155429382544,0.20906639053998052,49.307132718239885,101,29,MIDI-UNPROCESSED_04-08-12_R3_2014_MID--AUDIO_12_R3_2014_wav--2.midi,2014
2133,61.91233005157056,0.42825539146741676,69.43834974214721,84,36,MIDI-UNPROCESSED_06-08_R1_2014_MID--AUDIO_06_R1_2014_wav--1.midi,2014
13530,61.73133776792314,0.2945606022111352,65.40643015521064,103,24,MIDI-UNPROCESSED_06-08_R1_2014_MID--AUDIO_06_R1_2014_wav--2.midi,2014
7892,61.06994424733908,0.3683274003737958,58.420552458185504,96,29,MIDI-UNPROCESSED_06-08_R1_2014_MID--AUDIO_06_R1_2014_wav--3.midi,2014
8930,63.96349384098544,0.23475527248973566,66.47950727883538,86,33,MIDI-UNPROCESSED_06-08_R1_2014_MID--AUDIO_07_R1_2014_wav--2.midi,2014
5939,64.72268058595724,0.16878937601728722,67.68732109782792,101,24,MIDI-UNPROCESSED_06-08_R1_2014_MID--AUDIO_07_R1_2014_wav--3.midi,2014
5884,64.07239972807614,0.18157667155279822,63.266995241332424,101,24,MIDI-UNPROCESSED_06-08_R1_2014_MID--AUDIO_07_R1_2014_wav--4.midi,2014
3104,66.36243556701031,0.08910335789841059,61.86082474226804,106,21,MIDI-UNPROCESSED_06-08_R1_2014_MID--AUDIO_07_R1_2014_wav--5.midi,2014
4678,67.66631038905516,0.12220656085221594,65.89333048311244,105,21,MIDI-UNPROCESSED_06-08_R1_2014_MID--AUDIO_07_R1_2014_wav--6.midi,2014
7660,62.06932114882507,0.17451758322454292,72.91409921671018,106,21,MIDI-UNPROCESSED_06-08_R1_2014_MID--AUDIO_07_R1_2014_wav--7.midi,2014
4809,66.37970472031607,0.24062169673182152,68.02516115616552,89,31,MIDI-UNPROCESSED_06-08_R1_2014_MID--AUDIO_08_R1_2014_wav--1.midi,2014
15958,64.49285624765008,0.2522466200338376,57.46628650206793,106,21,MIDI-UNPROCESSED_06-08_R1_2014_MID--AUDIO_08_R1_2014_wav--2.midi,2014
5952,68.91145833333333,0.21264889077901022,61.78209005376344,89,33,MIDI-UNPROCESSED_09-10_R1_2014_MID--AUDIO_09_R1_2014_wav--1.midi,2014
12603,64.54629850035705,0.13521716472929757,65.37943346822185,104,21,MIDI-UNPROCESSED_09-10_R1_2014_MID--AUDIO_09_R1_2014_wav--2.midi,2014
4304,72.06040892193309,0.07024201082326519,61.70353159851301,101,29,MIDI-UNPROCESSED_09-10_R1_2014_MID--AUDIO_09_R1_2014_wav--3.midi,2014
7732,67.41476978789447,0.15811808205078517,53.62635799275737,100,23,MIDI-UNPROCESSED_09-10_R1_2014_MID--AUDIO_09_R1_2014_wav--4.midi,2014
877,66.06271379703534,0.12420271522234895,71.0285062713797,84,36,MIDI-UNPROCESSED_09-10_R1_2014_MID--AUDIO_10_R1_2014_wav--1.midi,2014
1172,65.2815699658703,0.2533274228526738,68.19965870307168,86,31,MIDI-UNPROCESSED_09-10_R1_2014_MID--AUDIO_10_R1_2014_wav--2.midi,2014
14034,60.51239846088072,0.3120182829794303,65.44527575887132,98,24,MIDI-UNPROCESSED_09-10_R1_2014_MID--AUDIO_10_R1_2014_wav--3.midi,2014
7426,67.14395367627256,0.24554651029042066,59.80056558039321,106,22,MIDI-UNPROCESSED_09-10_R1_2014_MID--AUDIO_10_R1_2014_wav--4.midi,2014
7458,62.63502279431483,0.17472481312013946,71.97331724322875,103,22,MIDI-UNPROCESSED_09-10_R1_2014_MID--AUDIO_10_R1_2014_wav--5.midi,2014
1701,67.73956496178718,0.22283690353713512,54.67842445620224,84,33,MIDI-UNPROCESSED_11-13_R1_2014_MID--AUDIO_11_R1_2014_wav--1.midi,2014
3102,64.80399742101869,0.07353958467655285,66.18117343649259,88,33,MIDI-UNPROCESSED_11-13_R1_2014_MID--AUDIO_11_R1_2014_wav--2.midi,2014
17367,64.05182242183452,0.17410834245024095,69.43939655668797,101,25,MIDI-UNPROCESSED_11-13_R1_2014_MID--AUDIO_11_R1_2014_wav--3.midi,2014
12621,60.35543934711988,0.29390933265985264,61.13081372315981,100,24,MIDI-UNPROCESSED_11-13_R1_2014_MID--AUDIO_12_R1_2014_wav--1.midi,2014
6005,63.71240632805995,0.1271182434776577,61.91840133222315,108,24,MIDI-UNPROCESSED_11-13_R1_2014_MID--AUDIO_12_R1_2014_wav--2.midi,2014
1693,65.80330773774365,0.5971871000689113,55.60070880094507,83,35,MIDI-UNPROCESSED_11-13_R1_2014_MID--AUDIO_13_R1_2014_wav--1.midi,2014
1596,63.53884711779449,0.12500081584168737,73.79636591478696,88,33,MIDI-UNPROCESSED_11-13_R1_2014_MID--AUDIO_13_R1_2014_wav--2.midi,2014
10338,64.13706713097311,0.24818101301025353,68.51035016444186,100,28,MIDI-UNPROCESSED_11-13_R1_2014_MID--AUDIO_13_R1_2014_wav--3.midi,2014
8266,64.78683764819743,0.10332155692999415,69.00399225744012,101,24,MIDI-UNPROCESSED_11-13_R1_2014_MID--AUDIO_13_R1_2014_wav--4.midi,2014
15564,65.53129015677204,0.10172438198727839,70.37336160370084,105,27,MIDI-UNPROCESSED_11-13_R1_2014_MID--AUDIO_13_R1_2014_wav--6.midi,2014
6163,65.24208989128671,0.3103008461112014,68.78792795716372,91,31,MIDI-UNPROCESSED_14-15_R1_2014_MID--AUDIO_14_R1_2014_wav--1.midi,2014
5004,65.638689048761,0.20804502231548097,68.23960831334932,93,29,MIDI-UNPROCESSED_14-15_R1_2014_MID--AUDIO_15_R1_2014_wav--1.midi,2014
5636,62.8458126330731,0.08864955753193779,69.20511000709723,89,29,MIDI-UNPROCESSED_14-15_R1_2014_MID--AUDIO_15_R1_2014_wav--2.midi,2014
1995,62.2015037593985,0.42111202485380145,59.0531328320802,93,25,MIDI-UNPROCESSED_14-15_R1_2014_MID--AUDIO_15_R1_2014_wav--3.midi,2014
2853,66.1310900806169,0.2122733562624138,67.34980722046969,108,22,MIDI-UNPROCESSED_14-15_R1_2014_MID--AUDIO_15_R1_2014_wav--4.midi,2014
6321,61.4405948425882,0.1826253757316883,74.65622528080999,96,23,MIDI-UNPROCESSED_14-15_R1_2014_MID--AUDIO_15_R1_2014_wav--5.midi,2014
20450,62.021418092909535,0.16677242512224955,69.82508557457213,101,24,MIDI-UNPROCESSED_14-15_R1_2014_MID--AUDIO_15_R1_2014_wav--6.midi,2014
1925,61.61818181818182,0.3453686417748918,68.17090909090909,84,36,MIDI-UNPROCESSED_16-18_R1_2014_MID--AUDIO_16_R1_2014_wav--1.midi,2014
11586,61.74572760227861,0.22921060888860226,65.78111513896081,89,29,MIDI-UNPROCESSED_16-18_R1_2014_MID--AUDIO_16_R1_2014_wav--2.midi,2014
3762,62.44417862838915,0.4118549807283354,60.66879319510898,102,23,MIDI-UNPROCESSED_16-18_R1_2014_MID--AUDIO_16_R1_2014_wav--3.midi,2014
9304,64.03622098022356,0.23864469694934132,65.39714101461738,100,28,MIDI-UNPROCESSED_16-18_R1_2014_MID--AUDIO_17_R1_2014_wav--1.midi,2014
11592,70.03899240855763,0.104333695472452,68.14389233954451,105,24,MIDI-UNPROCESSED_16-18_R1_2014_MID--AUDIO_17_R1_2014_wav--2.midi,2014
6438,64.41286113699907,0.21994165501708546,73.07673190431811,84,33,MIDI-UNPROCESSED_16-18_R1_2014_MID--AUDIO_18_R1_2014_wav--1.midi,2014
8476,63.87222746578575,0.28364555067248703,69.82786691835771,100,28,MIDI-UNPROCESSED_16-18_R1_2014_MID--AUDIO_18_R1_2014_wav--2.midi,2014
2351,69.22501063377287,0.1144393343258188,73.55380689068481,101,25,MIDI-UNPROCESSED_16-18_R1_2014_MID--AUDIO_18_R1_2014_wav--3.midi,2014
3364,68.1768727705113,0.12186903921422905,78.53507728894174,103,24,MIDI-UNPROCESSED_16-18_R1_2014_MID--AUDIO_18_R1_2014_wav--4.midi,2014
3442,63.89337594421848,0.29065019429110944,66.70104590354445,103,29,MIDI-UNPROCESSED_16-18_R1_2014_MID--AUDIO_18_R1_2014_wav--5.midi,2014
20290,65.05204534253326,0.22848636181616538,65.15603745687531,100,29,MIDI-UNPROCESSED_19-20-21_R2_2014_MID--AUDIO_19_R2_2014_wav.midi,2014
10874,60.93645392679787,0.2792506542747219,57.445834099687325,98,26,MIDI-UNPROCESSED_19-20-21_R2_2014_MID--AUDIO_20_R2_2014_wav.midi,2014
16837,60.42590722812853,0.21127143097543039,63.58923798776504,101,26,MIDI-UNPROCESSED_19-20-21_R2_2014_MID--AUDIO_21_R2_2014_wav.midi,2014
4749,62.74289324068225,0.26087262888678314,69.77363655506423,84,36,MIDI-UNPROCESSED_19-20_R1_2014_MID--AUDIO_19_R1_2014_wav--1.midi,2014
14206,64.70287202590455,0.2479041646135432,65.3056455019006,99,24,MIDI-UNPROCESSED_19-20_R1_2014_MID--AUDIO_19_R1_2014_wav--2.midi,2014
6173,65.1276526810303,0.10057048672984502,71.45358820670663,101,24,MIDI-UNPROCESSED_19-20_R1_2014_MID--AUDIO_19_R1_2014_wav--8.midi,2014
6716,66.58234067897558,0.20531504367679176,62.53871351995235,93,29,MIDI-UNPROCESSED_19-20_R1_2014_MID--AUDIO_20_R1_2014_wav--1.midi,2014
12406,61.507496372722876,0.2848158779018211,65.2250523940029,94,24,MIDI-UNPROCESSED_19-20_R1_2014_MID--AUDIO_20_R1_2014_wav--2.midi,2014
1864,68.71298283261802,0.26729940651824047,62.51984978540773,88,36,MIDI-UNPROCESSED_19-21_R3_2014_MID--AUDIO_21_R3_2014_wav--1.midi,2014
1862,65.32706766917293,0.13541526808091645,69.52685284640172,85,38,MIDI-UNPROCESSED_19-21_R3_2014_MID--AUDIO_21_R3_2014_wav--2.midi,2014
624,63.006410256410255,0.26982964409722227,57.27884615384615,76,33,MIDI-UNPROCESSED_21-22_R1_2014_MID--AUDIO_21_R1_2014_wav--1.midi,2014
405,62.85679012345679,0.296563143004115,53.41728395061728,83,35,MIDI-UNPROCESSED_21-22_R1_2014_MID--AUDIO_21_R1_2014_wav--2.midi,2014
1490,64.38523489932886,0.21609077880313174,61.94496644295302,103,28,MIDI-UNPROCESSED_21-22_R1_2014_MID--AUDIO_21_R1_2014_wav--3.midi,2014
10366,67.48552961605247,0.09663164130329908,70.9764615087787,107,21,MIDI-UNPROCESSED_21-22_R1_2014_MID--AUDIO_21_R1_2014_wav--4.midi,2014
7656,65.17032392894461,0.17551304396334008,70.34417450365726,105,21,MIDI-UNPROCESSED_21-22_R1_2014_MID--AUDIO_21_R1_2014_wav--6.midi,2014
2350,67.76085106382979,0.555427748226951,64.68127659574468,84,31,MIDI-UNPROCESSED_21-22_R1_2014_MID--AUDIO_21_R1_2014_wav--7.midi,2014
17912,62.25217731129969,0.1889204281115085,68.63945958016971,101,23,MIDI-UNPROCESSED_21-22_R1_2014_MID--AUDIO_21_R1_2014_wav--8.midi,2014
4815,66.35514018691589,0.28121592679127716,66.71401869158879,89,31,MIDI-UNPROCESSED_21-22_R1_2014_MID--AUDIO_22_R1_2014_wav--1.midi,2014
7320,59.75628415300547,0.26628511355874324,67.2948087431694,104,25,MIDI-UNPROCESSED_21-22_R1_2014_MID--AUDIO_22_R1_2014_wav--2.midi,2014
8071,64.6159088093173,0.14950226892578358,69.55718002725808,105,21,MIDI-UNPROCESSED_21-22_R1_2014_MID--AUDIO_22_R1_2014_wav--4.midi,2014
12901,61.91411518486939,0.2581096345890505,64.11471978916363,101,24,MIDI-UNPROCESSED_21-22_R1_2014_MID--AUDIO_22_R1_2014_wav--5.midi,2014
3014,63.08759124087591,0.24240212342402107,68.73722627737226,84,36,MIDI-Unprocessed_R1_D1-1-8_mid--AUDIO-from_mp3_01_R1_2015_wav--1.midi,2015
2907,59.72755417956656,0.1714070204105036,66.3608531131751,100,24,MIDI-Unprocessed_R1_D1-1-8_mid--AUDIO-from_mp3_01_R1_2015_wav--2.midi,2015
2207,64.30267331218849,0.14543261969491003,64.2279111916629,89,29,MIDI-Unprocessed_R1_D1-1-8_mid--AUDIO-from_mp3_01_R1_2015_wav--3.midi,2015
4011,77.36748940413862,0.06349985456660881,69.68162552979307,102,27,MIDI-Unprocessed_R1_D1-1-8_mid--AUDIO-from_mp3_01_R1_2015_wav--5.midi,2015
1314,64.63394216133942,0.3682830733130388,57.87823439878235,84,37,MIDI-Unprocessed_R1_D1-1-8_mid--AUDIO-from_mp3_02_R1_2015_wav--1.midi,2015
2090,67.02248803827752,0.11531299840510338,65.02535885167464,89,36,MIDI-Unprocessed_R1_D1-1-8_mid--AUDIO-from_mp3_02_R1_2015_wav--2.midi,2015
4788,63.647869674185465,0.21455396303258106,64.77944862155388,102,25,MIDI-Unprocessed_R1_D1-1-8_mid--AUDIO-from_mp3_02_R1_2015_wav--3.midi,2015
1615,68.27863777089783,0.17910732714138294,51.50959752321982,97,31,MIDI-Unprocessed_R1_D1-1-8_mid--AUDIO-from_mp3_02_R1_2015_wav--4.midi,2015
1026,58.28947368421053,0.19623741065627043,64.22319688109162,89,24,MIDI-Unprocessed_R1_D1-1-8_mid--AUDIO-from_mp3_02_R1_2015_wav--5.midi,2015
4139,76.81879681082387,0.06952690867359305,70.47596037690263,103,27,MIDI-Unprocessed_R1_D1-1-8_mid--AUDIO-from_mp3_02_R1_2015_wav--6.midi,2015
2893,62.25544417559627,0.4137731881553174,59.42654683719322,84,37,MIDI-Unprocessed_R1_D1-1-8_mid--AUDIO-from_mp3_03_R1_2015_wav--1.midi,2015
1369,69.27684441197955,0.1810605368882397,81.07962016070124,101,24,MIDI-Unprocessed_R1_D1-1-8_mid--AUDIO-from_mp3_03_R1_2015_wav--2.midi,2015
3841,60.5170528508201,0.16961701596806417,66.1702681593335,89,29,MIDI-Unprocessed_R1_D1-1-8_mid--AUDIO-from_mp3_03_R1_2015_wav--3.midi,2015
6830,70.28784773060029,0.12940306246949773,71.47379209370425,105,23,MIDI-Unprocessed_R1_D1-1-8_mid--AUDIO-from_mp3_03_R1_2015_wav--4.midi,2015
1198,64.2779632721202,0.33957116026711187,62.806343906510854,83,37,MIDI-Unprocessed_R1_D1-1-8_mid--AUDIO-from_mp3_04_R1_2015_wav--1.midi,2015
2625,65.16571428571429,0.19416230158730122,64.68342857142858,89,34,MIDI-Unprocessed_R1_D1-1-8_mid--AUDIO-from_mp3_04_R1_2015_wav--2.midi,2015
1427,63.236860546601264,0.4372912286848866,57.328661527680445,94,27,MIDI-Unprocessed_R1_D1-1-8_mid--AUDIO-from_mp3_04_R1_2015_wav--3.midi,2015
2683,60.40849795005591,0.08227730152814025,71.13417815877749,100,24,MIDI-Unprocessed_R1_D1-1-8_mid--AUDIO-from_mp3_04_R1_2015_wav--4.midi,2015
3094,69.03070458952811,0.1387295302736481,61.437944408532644,102,30,MIDI-Unprocessed_R1_D1-1-8_mid--AUDIO-from_mp3_05_R1_2015_wav--1.midi,2015
1949,61.62647511544382,0.47785349324439863,61.281682914315034,84,36,MIDI-Unprocessed_R1_D1-1-8_mid--AUDIO-from_mp3_05_R1_2015_wav--2.midi,2015
4347,64.29537612146308,0.21277389579019992,70.52610996089257,89,29,MIDI-Unprocessed_R1_D1-1-8_mid--AUDIO-from_mp3_05_R1_2015_wav--3.midi,2015
2111,57.5873993368072,0.16875148034107074,73.57271435338701,92,24,MIDI-Unprocessed_R1_D1-1-8_mid--AUDIO-from_mp3_05_R1_2015_wav--4.midi,2015
5248,63.65358231707317,0.14574897580030513,67.7404725609756,103,24,MIDI-Unprocessed_R1_D1-1-8_mid--AUDIO-from_mp3_05_R1_2015_wav--5.midi,2015
1564,62.52237851662404,0.1382865782182439,67.8420716112532,84,36,MIDI-Unprocessed_R1_D1-1-8_mid--AUDIO-from_mp3_06_R1_2015_wav--1.midi,2015
7953,61.15050924179555,0.20037433463263307,59.91826983528228,89,29,MIDI-Unprocessed_R1_D1-1-8_mid--AUDIO-from_mp3_06_R1_2015_wav--2.midi,2015
629,61.18282988871224,0.20065745892951783,80.03815580286168,105,24,MIDI-Unprocessed_R1_D1-1-8_mid--AUDIO-from_mp3_06_R1_2015_wav--3.midi,2015
2524,63.259112519809825,0.07585140979926053,75.75713153724247,103,26,MIDI-Unprocessed_R1_D1-1-8_mid--AUDIO-from_mp3_06_R1_2015_wav--4.midi,2015
3209,74.06699906512932,0.16365657785395238,69.19756933624183,104,35,MIDI-Unprocessed_R1_D1-1-8_mid--AUDIO-from_mp3_06_R1_2015_wav--5.midi,2015
2124,57.77024482109228,0.1564903091650972,74.66949152542372,92,24,MIDI-Unprocessed_R1_D1-1-8_mid--AUDIO-from_mp3_06_R1_2015_wav--6.midi,2015
1354,61.42466765140325,0.5799921528803547,60.155834564254064,83,36,MIDI-Unprocessed_R1_D1-1-8_mid--AUDIO-from_mp3_07_R1_2015_wav--1.midi,2015
6615,61.62207105064248,0.16243732678256464,67.29357520786093,95,29,MIDI-Unprocessed_R1_D1-1-8_mid--AUDIO-from_mp3_07_R1_2015_wav--2.midi,2015
2065,63.15496368038741,0.11766444713478617,57.31089588377724,92,32,MIDI-Unprocessed_R1_D1-1-8_mid--AUDIO-from_mp3_07_R1_2015_wav--3.midi,2015
5896,64.86787652645862,0.1894425245929443,69.50474898236092,101,24,MIDI-Unprocessed_R1_D1-1-8_mid--AUDIO-from_mp3_07_R1_2015_wav--4.midi,2015
3101,61.564011609158335,0.13174211275932488,69.126088358594,84,36,MIDI-Unprocessed_R1_D1-1-8_mid--AUDIO-from_mp3_08_R1_2015_wav--1.midi,2015
6670,61.67631184407796,0.18318403298350813,64.27586206896552,93,29,MIDI-Unprocessed_R1_D1-1-8_mid--AUDIO-from_mp3_08_R1_2015_wav--2.midi,2015
3241,67.90465905584696,0.12527512084747483,71.77506942301758,103,24,MIDI-Unprocessed_R1_D1-1-8_mid--AUDIO-from_mp3_08_R1_2015_wav--3.midi,2015
11771,70.0738255033557,0.112038590604027,68.37991674454167,105,24,MIDI-Unprocessed_R1_D1-1-8_mid--AUDIO-from_mp3_08_R1_2015_wav--4.midi,2015
2249,64.22543352601156,0.15136403216244254,70.88795020008892,84,37,MIDI-Unprocessed_R1_D1-9-12_mid--AUDIO-from_mp3_09_R1_2015_wav--1.midi,2015
5823,63.882534775888715,0.3017597243688821,66.54130173450112,89,28,MIDI-Unprocessed_R1_D1-9-12_mid--AUDIO-from_mp3_09_R1_2015_wav--2.midi,2015
2339,68.99871740059855,0.10572137309391462,65.55793073963233,101,25,MIDI-Unprocessed_R1_D1-9-12_mid--AUDIO-from_mp3_09_R1_2015_wav--3.midi,2015
1686,72.91221826809016,0.31843305160142366,54.929418742586,101,32,MIDI-Unprocessed_R1_D1-9-12_mid--AUDIO-from_mp3_09_R1_2015_wav--4.midi,2015
2432,62.15666118421053,0.28703142132675497,62.78659539473684,83,37,MIDI-Unprocessed_R1_D1-9-12_mid--AUDIO-from_mp3_10_R1_2015_wav--1.midi,2015
1394,69.2180774748924,0.18557807269249155,73.33572453371592,101,24,MIDI-Unprocessed_R1_D1-9-12_mid--AUDIO-from_mp3_10_R1_2015_wav--2.midi,2015
13128,62.482861060329064,0.1882272147318704,68.15973491773309,98,29,MIDI-Unprocessed_R1_D1-9-12_mid--AUDIO-from_mp3_10_R1_2015_wav--3.midi,2015
6819,66.1406364569585,0.25121504863860733,63.420002932981376,89,30,MIDI-Unprocessed_R1_D1-9-12_mid--AUDIO-from_mp3_11_R1_2015_wav--1.midi,2015
2022,63.759643916913944,0.27087866798549287,67.17804154302671,84,36,MIDI-Unprocessed_R1_D1-9-12_mid--AUDIO-from_mp3_11_R1_2015_wav--2.midi,2015
2089,57.65916706558162,0.1615770105313547,72.63092388702728,92,24,MIDI-Unprocessed_R1_D1-9-12_mid--AUDIO-from_mp3_11_R1_2015_wav--3.midi,2015
1344,62.97172619047619,0.3319413442460318,59.913690476190474,95,27,MIDI-Unprocessed_R1_D1-9-12_mid--AUDIO-from_mp3_11_R1_2015_wav--4.midi,2015
1400,66.71357142857143,0.10092708333333326,73.78428571428572,96,24,MIDI-Unprocessed_R1_D1-9-12_mid--AUDIO-from_mp3_11_R1_2015_wav--5.midi,2015
1607,61.26820161792159,0.25566207736984037,73.67517112632234,84,33,MIDI-Unprocessed_R1_D1-9-12_mid--AUDIO-from_mp3_12_R1_2015_wav--1.midi,2015
6847,66.13903899518037,0.22377744510978057,64.8523440923032,91,30,MIDI-Unprocessed_R1_D1-9-12_mid--AUDIO-from_mp3_12_R1_2015_wav--2.midi,2015
1780,62.19550561797753,0.3671769662921345,56.04269662921348,86,29,MIDI-Unprocessed_R1_D1-9-12_mid--AUDIO-from_mp3_12_R1_2015_wav--3.midi,2015
1460,69.67534246575343,0.1615946061643837,75.5013698630137,101,24,MIDI-Unprocessed_R1_D1-9-12_mid--AUDIO-from_mp3_12_R1_2015_wav--4.midi,2015
4328,76.71719038817005,0.0615883009858286,72.11182994454714,102,28,MIDI-Unprocessed_R1_D1-9-12_mid--AUDIO-from_mp3_12_R1_2015_wav--5.midi,2015
1449,63.65079365079365,0.32053427651253746,65.36645962732919,83,33,MIDI-Unprocessed_R1_D2-13-20_mid--AUDIO-from_mp3_13_R1_2015_wav--1.midi,2015
3886,60.599588265568705,0.15234147152170183,70.85666495110654,90,29,MIDI-Unprocessed_R1_D2-13-20_mid--AUDIO-from_mp3_13_R1_2015_wav--2.midi,2015
8027,66.34122337112247,0.13575549707238038,74.83406004734023,105,24,MIDI-Unprocessed_R1_D2-13-20_mid--AUDIO-from_mp3_13_R1_2015_wav--5.midi,2015
2235,64.45190156599553,0.6536838180462343,60.83489932885906,84,37,MIDI-Unprocessed_R1_D2-13-20_mid--AUDIO-from_mp3_14_R1_2015_wav--1.midi,2015
3324,68.06738868832731,0.18843386482149982,64.8456678700361,89,29,MIDI-Unprocessed_R1_D2-13-20_mid--AUDIO-from_mp3_14_R1_2015_wav--2.midi,2015
4010,60.74413965087282,0.2869874792186198,67.1,101,22,MIDI-Unprocessed_R1_D2-13-20_mid--AUDIO-from_mp3_14_R1_2015_wav--3.midi,2015
2594,60.36622976098689,0.09757533410434323,67.1183500385505,100,24,MIDI-Unprocessed_R1_D2-13-20_mid--AUDIO-from_mp3_14_R1_2015_wav--4.midi,2015
2178,62.43021120293847,0.41084710743801695,73.79706152433425,82,36,MIDI-Unprocessed_R1_D2-13-20_mid--AUDIO-from_mp3_15_R1_2015_wav--1.midi,2015
1375,70.608,0.0945439393939396,67.20654545454545,96,28,MIDI-Unprocessed_R1_D2-13-20_mid--AUDIO-from_mp3_15_R1_2015_wav--2.midi,2015
3499,66.29522720777365,0.14541714299323655,66.01714775650186,89,29,MIDI-Unprocessed_R1_D2-13-20_mid--AUDIO-from_mp3_15_R1_2015_wav--3.midi,2015
3601,66.04998611496806,0.13917546052022586,65.87475701194113,101,29,MIDI-Unprocessed_R1_D2-13-20_mid--AUDIO-from_mp3_15_R1_2015_wav--4.midi,2015
5938,64.09043448972719,0.2388512897159534,66.52441899629505,101,24,MIDI-Unprocessed_R1_D2-13-20_mid--AUDIO-from_mp3_15_R1_2015_wav--5.midi,2015
1799,64.1100611450806,0.27200643876227526,69.74819344080045,83,37,MIDI-Unprocessed_R1_D2-13-20_mid--AUDIO-from_mp3_16_R1_2015_wav--1.midi,2015
2113,61.35021296734501,0.19361196560971775,66.7468054898249,90,31,MIDI-Unprocessed_R1_D2-13-20_mid--AUDIO-from_mp3_16_R1_2015_wav--2.midi,2015
3274,74.26725717776421,0.154040673997149,70.19945021380575,104,35,MIDI-Unprocessed_R1_D2-13-20_mid--AUDIO-from_mp3_16_R1_2015_wav--3.midi,2015
6111,65.12109311078383,0.14912810914743857,71.43495336278842,101,24,MIDI-Unprocessed_R1_D2-13-20_mid--AUDIO-from_mp3_16_R1_2015_wav--4.midi,2015
1883,61.587891662241105,0.32606987962471246,69.7392458842273,84,36,MIDI-Unprocessed_R1_D2-13-20_mid--AUDIO-from_mp3_17_R1_2015_wav--1.midi,2015
4020,63.70223880597015,0.16997046019900489,70.61144278606965,89,30,MIDI-Unprocessed_R1_D2-13-20_mid--AUDIO-from_mp3_17_R1_2015_wav--2.midi,2015
3994,61.04581872809214,0.1407368865798698,70.60991487230847,102,21,MIDI-Unprocessed_R1_D2-13-20_mid--AUDIO-from_mp3_17_R1_2015_wav--3.midi,2015
6933,64.74686282994375,0.08566622794365107,76.7119573056397,107,24,MIDI-Unprocessed_R1_D2-13-20_mid--AUDIO-from_mp3_17_R1_2015_wav--4.midi,2015
1866,61.851554126473744,0.5063158717399073,62.135584137191856,84,36,MIDI-Unprocessed_R1_D2-13-20_mid--AUDIO-from_mp3_18_R1_2015_wav--1.midi,2015
3233,67.95731518713269,0.09980120373234354,73.39498917414167,101,24,MIDI-Unprocessed_R1_D2-13-20_mid--AUDIO-from_mp3_18_R1_2015_wav--2.midi,2015
4947,66.37153830604407,0.16084874671518065,64.74105518496059,88,31,MIDI-Unprocessed_R1_D2-13-20_mid--AUDIO-from_mp3_18_R1_2015_wav--3.midi,2015
7757,69.18486528297022,0.10538116110180083,71.24120149542348,104,26,MIDI-Unprocessed_R1_D2-13-20_mid--AUDIO-from_mp3_18_R1_2015_wav--4.midi,2015
2418,61.10711331679074,0.41768162393162395,71.88296112489661,83,36,MIDI-Unprocessed_R1_D2-13-20_mid--AUDIO-from_mp3_19_R1_2015_wav--1.midi,2015
2725,66.0051376146789,0.21928402140672795,70.6502752293578,89,29,MIDI-Unprocessed_R1_D2-13-20_mid--AUDIO-from_mp3_19_R1_2015_wav--2.midi,2015
2501,72.23430627748901,0.12405787684926022,66.49540183926429,101,30,MIDI-Unprocessed_R1_D2-13-20_mid--AUDIO-from_mp3_19_R1_2015_wav--3.midi,2015
1129,61.65721877767936,0.4640998671390612,67.3126660761736,92,31,MIDI-Unprocessed_R1_D2-13-20_mid--AUDIO-from_mp3_19_R1_2015_wav--4.midi,2015
1904,61.60504201680672,0.4446056547619048,72.91964285714286,84,36,MIDI-Unprocessed_R1_D2-13-20_mid--AUDIO-from_mp3_20_R1_2015_wav--1.midi,2015
2390,69.38953974895398,0.1958799686192468,64.47824267782427,89,43,MIDI-Unprocessed_R1_D2-13-20_mid--AUDIO-from_mp3_20_R1_2015_wav--2.midi,2015
1422,69.26230661040788,0.21459212376933903,76.19690576652602,101,24,MIDI-Unprocessed_R1_D2-13-20_mid--AUDIO-from_mp3_20_R1_2015_wav--3.midi,2015
6128,64.81380548302872,0.22552746273933838,75.74967362924282,101,21,MIDI-Unprocessed_R1_D2-13-20_mid--AUDIO-from_mp3_20_R1_2015_wav--4.midi,2015
2373,62.278128950695326,0.11850154516083729,72.51074589127687,84,36,MIDI-Unprocessed_R1_D2-21-22_mid--AUDIO-from_mp3_21_R1_2015_wav--1.midi,2015
3494,66.21150543789354,0.11269318832283899,65.9327418431597,89,29,MIDI-Unprocessed_R1_D2-21-22_mid--AUDIO-from_mp3_21_R1_2015_wav--2.midi,2015
1487,61.77740416946873,0.14008560300381073,57.04572965702757,83,30,MIDI-Unprocessed_R1_D2-21-22_mid--AUDIO-from_mp3_21_R1_2015_wav--4.midi,2015
5146,71.8274387874077,0.09491291780023357,68.82219199378157,106,25,MIDI-Unprocessed_R1_D2-21-22_mid--AUDIO-from_mp3_21_R1_2015_wav--5.midi,2015
1516,64.28957783641161,0.6206546833773087,58.63324538258575,84,38,MIDI-Unprocessed_R1_D2-21-22_mid--AUDIO-from_mp3_22_R1_2015_wav--1.midi,2015
3306,64.00151240169389,0.24961307723331275,59.9464609800363,96,29,MIDI-Unprocessed_R1_D2-21-22_mid--AUDIO-from_mp3_22_R1_2015_wav--2.midi,2015
2124,57.55743879472693,0.16943806889516613,70.84792843691149,92,24,MIDI-Unprocessed_R1_D2-21-22_mid--AUDIO-from_mp3_22_R1_2015_wav--3.midi,2015
1839,67.04730831973899,0.3665556461845207,54.643828167482326,101,32,MIDI-Unprocessed_R1_D2-21-22_mid--AUDIO-from_mp3_22_R1_2015_wav--4.midi,2015
4412,72.9798277425204,0.09386025800846205,69.74954669084316,104,28,MIDI-Unprocessed_R1_D2-21-22_mid--AUDIO-from_mp3_22_R1_2015_wav--5.midi,2015
1110,69.4981981981982,0.21100788288288283,64.02882882882884,97,32,MIDI-Unprocessed_R2_D1-2-3-6-7-8-11_mid--AUDIO-from_mp3_03_R2_2015_wav--1.midi,2015
7524,61.139952153110045,0.18866820618465344,67.82987772461456,101,26,MIDI-Unprocessed_R2_D1-2-3-6-7-8-11_mid--AUDIO-from_mp3_03_R2_2015_wav--2.midi,2015
4310,65.39582366589327,0.18699777648878607,57.91972157772622,97,32,MIDI-Unprocessed_R2_D1-2-3-6-7-8-11_mid--AUDIO-from_mp3_06_R2_2015_wav--1.midi,2015
7558,60.99206139190262,0.17839086067742782,69.17623709976183,101,26,MIDI-Unprocessed_R2_D1-2-3-6-7-8-11_mid--AUDIO-from_mp3_06_R2_2015_wav--2.midi,2015
5905,64.78899237933955,0.17007532458368615,70.83657917019475,102,24,MIDI-Unprocessed_R2_D1-2-3-6-7-8-11_mid--AUDIO-from_mp3_06_R2_2015_wav--4.midi,2015
6370,64.3690737833595,0.21743491627420217,66.336420722135,84,33,MIDI-Unprocessed_R2_D1-2-3-6-7-8-11_mid--AUDIO-from_mp3_07_R2_2015_wav--1.midi,2015
7273,61.17846830743847,0.17940141046794084,66.32586278014574,101,26,MIDI-Unprocessed_R2_D1-2-3-6-7-8-11_mid--AUDIO-from_mp3_07_R2_2015_wav--2.midi,2015
3778,63.60905240868184,0.20564617522498674,56.06326098464796,101,29,MIDI-Unprocessed_R2_D1-2-3-6-7-8-11_mid--AUDIO-from_mp3_07_R2_2015_wav--3.midi,2015
7370,62.94966078697422,0.1881460594753499,65.26010854816825,96,29,MIDI-Unprocessed_R2_D1-2-3-6-7-8-11_mid--AUDIO-from_mp3_08_R2_2015_wav--1.midi,2015
6297,64.55788470700334,0.2781714837753425,55.55375575670954,101,29,MIDI-Unprocessed_R2_D1-2-3-6-7-8-11_mid--AUDIO-from_mp3_08_R2_2015_wav--2.midi,2015
5533,68.39237303452015,0.1486397900475931,61.44062895355142,103,29,MIDI-Unprocessed_R2_D1-2-3-6-7-8-11_mid--AUDIO-from_mp3_08_R2_2015_wav--3.midi,2015
7293,62.8423145481969,0.16754322066822086,67.34128616481557,96,29,MIDI-Unprocessed_R2_D1-2-3-6-7-8-11_mid--AUDIO-from_mp3_11_R2_2015_wav--1.midi,2015
2564,57.34984399375975,0.3669794916796673,49.984009360374415,79,29,MIDI-Unprocessed_R2_D1-2-3-6-7-8-11_mid--AUDIO-from_mp3_11_R2_2015_wav--2.midi,2015
9535,67.8023072889355,0.14287711938472314,65.01929732564237,101,24,MIDI-Unprocessed_R2_D1-2-3-6-7-8-11_mid--AUDIO-from_mp3_11_R2_2015_wav--4.midi,2015
7400,62.87918918918919,0.14250112612612598,68.6327027027027,96,29,MIDI-Unprocessed_R2_D2-12-13-15_mid--AUDIO-from_mp3_12_R2_2015_wav--1.midi,2015
2634,59.98709187547456,0.3069460263224499,52.100987091875474,95,31,MIDI-Unprocessed_R2_D2-12-13-15_mid--AUDIO-from_mp3_12_R2_2015_wav--2.midi,2015
8335,64.78512297540492,0.18268858728254375,66.43575284943012,104,21,MIDI-Unprocessed_R2_D2-12-13-15_mid--AUDIO-from_mp3_12_R2_2015_wav--3.midi,2015
5112,64.86815336463224,0.19450618642410034,69.65903755868544,101,26,MIDI-Unprocessed_R2_D2-12-13-15_mid--AUDIO-from_mp3_12_R2_2015_wav--5.midi,2015
7470,61.109638554216865,0.20483489513610034,72.33681392235609,101,26,MIDI-Unprocessed_R2_D2-12-13-15_mid--AUDIO-from_mp3_13_R2_2015_wav--1.midi,2015
2576,57.294642857142854,0.3480189732142855,48.89635093167702,79,29,MIDI-Unprocessed_R2_D2-12-13-15_mid--AUDIO-from_mp3_13_R2_2015_wav--3.midi,2015
8775,67.45823361823362,0.08824560778727421,77.3374358974359,103,24,MIDI-Unprocessed_R2_D2-12-13-15_mid--AUDIO-from_mp3_13_R2_2015_wav--4.midi,2015
2570,57.18443579766537,0.4223702983138781,44.621789883268484,79,29,MIDI-Unprocessed_R2_D2-12-13-15_mid--AUDIO-from_mp3_15_R2_2015_wav--1.midi,2015
7463,61.256733217204875,0.21385599513153783,67.6658180356425,103,26,MIDI-Unprocessed_R2_D2-12-13-15_mid--AUDIO-from_mp3_15_R2_2015_wav--2.midi,2015
12612,62.00293371392325,0.16556635875885398,69.29035838883603,99,24,MIDI-Unprocessed_R2_D2-12-13-15_mid--AUDIO-from_mp3_15_R2_2015_wav--3.midi,2015
5095,64.24573110893033,0.35398286719005506,76.79411187438666,86,26,MIDI-Unprocessed_R2_D2-19-21-22_mid--AUDIO-from_mp3_19_R2_2015_wav--1.midi,2015
7448,62.93582169709989,0.1789087674543512,70.08552631578948,96,29,MIDI-Unprocessed_R2_D2-19-21-22_mid--AUDIO-from_mp3_19_R2_2015_wav--2.midi,2015
4425,65.17152542372881,0.21010310734463286,64.4038418079096,97,32,MIDI-Unprocessed_R2_D2-19-21-22_mid--AUDIO-from_mp3_19_R2_2015_wav--3.midi,2015
6351,64.53676586364352,0.20919327008869984,54.849472524011965,101,29,MIDI-Unprocessed_R2_D2-19-21-22_mid--AUDIO-from_mp3_21_R2_2015_wav--1.midi,2015
7233,63.20364993778515,0.14836614014470742,64.97262546661136,96,29,MIDI-Unprocessed_R2_D2-19-21-22_mid--AUDIO-from_mp3_21_R2_2015_wav--2.midi,2015
8020,66.18865336658354,0.11307252701579394,69.5148379052369,105,24,MIDI-Unprocessed_R2_D2-19-21-22_mid--AUDIO-from_mp3_21_R2_2015_wav--3.midi,2015
3151,65.17708663916217,0.16582830847350036,64.14693748016502,101,30,MIDI-Unprocessed_R2_D2-19-21-22_mid--AUDIO-from_mp3_22_R2_2015_wav--1.midi,2015
7281,63.03447328663645,0.15535826695051053,63.69907979673122,96,28,MIDI-Unprocessed_R2_D2-19-21-22_mid--AUDIO-from_mp3_22_R2_2015_wav--2.midi,2015
6012,64.98220226214238,0.1686586895653144,66.94743845642049,101,24,MIDI-Unprocessed_R2_D2-19-21-22_mid--AUDIO-from_mp3_22_R2_2015_wav--3.midi,2015
9731,68.02116945843181,0.13779512640016375,63.6541979241599,101,24,MIDI-Unprocessed_R2_D2-19-21-22_mid--AUDIO-from_mp3_22_R2_2015_wav--4.midi,2015
1201,64.22897585345545,0.28593099500416325,67.46960865945046,83,37,MIDI-Unprocessed_041_PIANO041_MID--AUDIO-split_07-06-17_Piano-e_1-01_wav--1.midi,2017
6590,61.63778452200304,0.1488766122913503,64.96919575113809,93,29,MIDI-Unprocessed_041_PIANO041_MID--AUDIO-split_07-06-17_Piano-e_1-01_wav--2.midi,2017
3386,63.20643827525103,0.1800277490647766,71.39515652687537,98,28,MIDI-Unprocessed_041_PIANO041_MID--AUDIO-split_07-06-17_Piano-e_1-01_wav--3.midi,2017
5915,64.08250211327135,0.22087330938292515,62.51462383770076,101,24,MIDI-Unprocessed_041_PIANO041_MID--AUDIO-split_07-06-17_Piano-e_1-01_wav--4.midi,2017
1917,61.89880020865937,0.47645789862632615,60.86176317162233,84,36,MIDI-Unprocessed_042_PIANO042_MID--AUDIO-split_07-06-17_Piano-e_1-02_wav--1.midi,2017
1379,69.09934735315446,0.16688346023688652,75.19579405366207,101,24,MIDI-Unprocessed_042_PIANO042_MID--AUDIO-split_07-06-17_Piano-e_1-02_wav--2.midi,2017
2706,66.08536585365853,0.193094435205716,61.667775314116774,89,29,MIDI-Unprocessed_042_PIANO042_MID--AUDIO-split_07-06-17_Piano-e_1-02_wav--3.midi,2017
2400,62.01833333333333,0.39977343750000044,72.06625,83,37,MIDI-Unprocessed_043_PIANO043_MID--AUDIO-split_07-06-17_Piano-e_1-03_wav--1.midi,2017
8521,61.80694754136839,0.17150006845831917,67.08848726675272,93,29,MIDI-Unprocessed_043_PIANO043_MID--AUDIO-split_07-06-17_Piano-e_1-03_wav--2.midi,2017
1361,69.12931667891256,0.21078940117560616,76.89346069066863,101,24,MIDI-Unprocessed_043_PIANO043_MID--AUDIO-split_07-06-17_Piano-e_1-03_wav--3.midi,2017
5250,68.05238095238096,0.1400688492063494,76.10209523809525,103,22,MIDI-Unprocessed_043_PIANO043_MID--AUDIO-split_07-06-17_Piano-e_1-03_wav--4.midi,2017
2035,62.8004914004914,0.6166083128583127,58.342997542997544,84,36,MIDI-Unprocessed_044_PIANO044_MID--AUDIO-split_07-06-17_Piano-e_1-04_wav--1.midi,2017
3912,61.11963190184049,0.24329307259713756,58.45015337423313,88,30,MIDI-Unprocessed_044_PIANO044_MID--AUDIO-split_07-06-17_Piano-e_1-04_wav--2.midi,2017
2283,64.2544897065265,0.085246477587969,69.79544459045115,100,24,MIDI-Unprocessed_044_PIANO044_MID--AUDIO-split_07-06-17_Piano-e_1-04_wav--3.midi,2017
5955,64.14777497900924,0.18945214105793434,63.7551637279597,101,23,MIDI-Unprocessed_044_PIANO044_MID--AUDIO-split_07-06-17_Piano-e_1-04_wav--4.midi,2017
2195,64.32255125284738,0.6426338268792707,56.5371298405467,84,37,MIDI-Unprocessed_045_PIANO045_MID--AUDIO-split_07-06-17_Piano-e_2-01_wav--1.midi,2017
6189,61.9339150105025,0.13204845963268141,62.95637421231217,96,29,MIDI-Unprocessed_045_PIANO045_MID--AUDIO-split_07-06-17_Piano-e_2-01_wav--2.midi,2017
6604,64.40884312537855,0.07969444023823935,73.40975166565718,107,23,MIDI-Unprocessed_045_PIANO045_MID--AUDIO-split_07-06-17_Piano-e_2-01_wav--4.midi,2017
2168,64.27721402214023,0.6590953643911438,48.4820110701107,84,37,MIDI-Unprocessed_046_PIANO046_MID--AUDIO-split_07-06-17_Piano-e_2-02_wav--1.midi,2017
3264,60.65502450980392,0.09862547232434626,61.77787990196079,89,30,MIDI-Unprocessed_046_PIANO046_MID--AUDIO-split_07-06-17_Piano-e_2-02_wav--2.midi,2017
4085,77.00514075887394,0.06484292125663003,65.82741738066096,102,27,MIDI-Unprocessed_046_PIANO046_MID--AUDIO-split_07-06-17_Piano-e_2-02_wav--3.midi,2017
5049,65.16696375519905,0.2026704958077508,65.60507031095267,101,26,MIDI-Unprocessed_046_PIANO046_MID--AUDIO-split_07-06-17_Piano-e_2-02_wav--4.midi,2017
3468,61.50057670126874,0.17129859909650139,61.45328719723183,90,26,MIDI-Unprocessed_047_PIANO047_MID--AUDIO-split_07-06-17_Piano-e_2-04_wav--1.midi,2017
3972,71.73136958710977,0.08563800772071148,59.72381671701913,101,29,MIDI-Unprocessed_047_PIANO047_MID--AUDIO-split_07-06-17_Piano-e_2-04_wav--2.midi,2017
2148,64.2351024208566,0.6611028670080703,53.85288640595903,84,37,MIDI-Unprocessed_047_PIANO047_MID--AUDIO-split_07-06-17_Piano-e_2-04_wav--3.midi,2017
7342,69.18618904930537,0.12049240102606006,63.19940070825388,105,26,MIDI-Unprocessed_047_PIANO047_MID--AUDIO-split_07-06-17_Piano-e_2-04_wav--4.midi,2017
1918,61.762773722627735,0.5089405196385126,60.60740354535975,84,36,MIDI-Unprocessed_048_PIANO048_MID--AUDIO-split_07-06-17_Piano-e_2-05_wav--1.midi,2017
6575,61.58342205323194,0.15746514575411932,64.73247148288974,93,29,MIDI-Unprocessed_048_PIANO048_MID--AUDIO-split_07-06-17_Piano-e_2-05_wav--2.midi,2017
5949,64.06656580937972,0.22189601193477876,65.53521600268952,101,24,MIDI-Unprocessed_048_PIANO048_MID--AUDIO-split_07-06-17_Piano-e_2-05_wav--4.midi,2017
2239,64.2273336310853,0.17469480422807773,67.4935238945958,86,37,MIDI-Unprocessed_049_PIANO049_MID--AUDIO-split_07-06-17_Piano-e_2-06_wav--1.midi,2017
3370,60.5513353115727,0.13056132542037596,65.32492581602374,89,30,MIDI-Unprocessed_049_PIANO049_MID--AUDIO-split_07-06-17_Piano-e_2-06_wav--2.midi,2017
2230,64.04439461883408,0.10184043348281016,74.55201793721973,100,25,MIDI-Unprocessed_049_PIANO049_MID--AUDIO-split_07-06-17_Piano-e_2-06_wav--3.midi,2017
2678,64.62023898431666,0.09563690253920833,73.15571321882001,96,21,MIDI-Unprocessed_049_PIANO049_MID--AUDIO-split_07-06-17_Piano-e_2-06_wav--4.midi,2017
4700,63.58531914893617,0.24034640957446812,60.01276595744681,102,25,MIDI-Unprocessed_049_PIANO049_MID--AUDIO-split_07-06-17_Piano-e_2-06_wav--5.midi,2017
2344,62.00554607508533,0.47695934655858885,49.799914675767916,83,37,MIDI-Unprocessed_050_PIANO050_MID--AUDIO-split_07-06-17_Piano-e_3-01_wav--1.midi,2017
2787,61.20523860782203,0.26243533967228794,62.55256548259778,89,29,MIDI-Unprocessed_050_PIANO050_MID--AUDIO-split_07-06-17_Piano-e_3-01_wav--2.midi,2017
7307,64.80990830710277,0.0973749486793485,72.05118379635965,106,24,MIDI-Unprocessed_050_PIANO050_MID--AUDIO-split_07-06-17_Piano-e_3-01_wav--3.midi,2017
4339,62.75455174003226,0.25148195628793135,63.23277252823231,100,26,MIDI-Unprocessed_050_PIANO050_MID--AUDIO-split_07-06-17_Piano-e_3-01_wav--4.midi,2017
1182,64.18612521150592,0.26965418781725875,69.20135363790186,83,37,MIDI-Unprocessed_051_PIANO051_MID--AUDIO-split_07-06-17_Piano-e_3-02_wav--1.midi,2017
2625,64.21676190476191,0.229998015873016,62.33409523809524,96,28,MIDI-Unprocessed_051_PIANO051_MID--AUDIO-split_07-06-17_Piano-e_3-02_wav--2.midi,2017
3214,67.7616677037959,0.11769925845260304,72.07716241443684,101,24,MIDI-Unprocessed_051_PIANO051_MID--AUDIO-split_07-06-17_Piano-e_3-02_wav--3.midi,2017
6019,63.360026582488786,0.20415697513429723,62.73650107991361,101,24,MIDI-Unprocessed_051_PIANO051_MID--AUDIO-split_07-06-17_Piano-e_3-02_wav--4.midi,2017
4243,66.16780579778458,0.0732836927488411,69.57671458873439,105,23,MIDI-Unprocessed_051_PIANO051_MID--AUDIO-split_07-06-17_Piano-e_3-02_wav--5.midi,2017
3175,74.10456692913385,0.15873687664041977,65.71055118110236,105,35,MIDI-Unprocessed_052_PIANO052_MID--AUDIO-split_07-06-17_Piano-e_3-03_wav--1.midi,2017
1638,61.10866910866911,0.257214718152218,64.75763125763126,84,33,MIDI-Unprocessed_052_PIANO052_MID--AUDIO-split_07-06-17_Piano-e_3-03_wav--2.midi,2017
2828,68.13826025459689,0.15544333451202264,60.663366336633665,89,29,MIDI-Unprocessed_052_PIANO052_MID--AUDIO-split_07-06-17_Piano-e_3-03_wav--3.midi,2017
4732,62.57628909551986,0.18970132431670866,62.66821639898563,99,25,MIDI-Unprocessed_052_PIANO052_MID--AUDIO-split_07-06-17_Piano-e_3-03_wav--5.midi,2017
1514,64.03830911492734,0.2867307904007046,67.84676354029062,83,26,MIDI-Unprocessed_053_PIANO053_MID--AUDIO-split_07-06-17_Piano-e_3-04_wav--1.midi,2017
2232,69.92562724014337,0.09060866562126636,63.29480286738351,101,32,MIDI-Unprocessed_053_PIANO053_MID--AUDIO-split_07-06-17_Piano-e_3-04_wav--2.midi,2017
2822,61.19773210489015,0.22987353827073045,63.42948263642806,89,29,MIDI-Unprocessed_053_PIANO053_MID--AUDIO-split_07-06-17_Piano-e_3-04_wav--3.midi,2017
5984,63.936664438502675,0.20714996936274527,62.08840240641711,101,24,MIDI-Unprocessed_053_PIANO053_MID--AUDIO-split_07-06-17_Piano-e_3-04_wav--4.midi,2017
1630,61.10858895705521,0.2506396983640082,61.56196319018405,84,33,MIDI-Unprocessed_054_PIANO054_MID--AUDIO-split_07-07-17_Piano-e_1-02_wav--1.midi,2017
3321,68.08491418247516,0.169262207668373,61.40861186389642,89,29,MIDI-Unprocessed_054_PIANO054_MID--AUDIO-split_07-07-17_Piano-e_1-02_wav--2.midi,2017
4187,76.82063529973728,0.0539051926598203,71.73035586338668,102,27,MIDI-Unprocessed_054_PIANO054_MID--AUDIO-split_07-07-17_Piano-e_1-02_wav--3.midi,2017
7816,66.1160440122825,0.10256578386216285,68.58930399181166,105,23,MIDI-Unprocessed_054_PIANO054_MID--AUDIO-split_07-07-17_Piano-e_1-02_wav--4.midi,2017
2396,62.63146911519198,0.3542927448525321,59.55133555926544,83,35,MIDI-Unprocessed_055_PIANO055_MID--AUDIO-split_07-07-17_Piano-e_1-04_wav--1.midi,2017
2761,61.20318725099602,0.2590516720994806,63.374501992031874,89,29,MIDI-Unprocessed_055_PIANO055_MID--AUDIO-split_07-07-17_Piano-e_1-04_wav--2.midi,2017
4063,61.41422594142259,0.12481309992616259,59.97563376815161,102,27,MIDI-Unprocessed_055_PIANO055_MID--AUDIO-split_07-07-17_Piano-e_1-04_wav--3.midi,2017
1367,61.42794440380395,0.5132399109973179,57.58595464520849,83,36,MIDI-Unprocessed_056_PIANO056_MID--AUDIO-split_07-07-17_Piano-e_1-05_wav--1.midi,2017
1937,63.23335054207537,0.14258518327310277,50.628807434176565,92,32,MIDI-Unprocessed_056_PIANO056_MID--AUDIO-split_07-07-17_Piano-e_1-05_wav--2.midi,2017
6605,61.71733535200605,0.1683612477920768,65.42982588947767,93,29,MIDI-Unprocessed_056_PIANO056_MID--AUDIO-split_07-07-17_Piano-e_1-05_wav--3.midi,2017
5864,64.81872442019099,0.1790790913483404,68.98396998635744,103,24,MIDI-Unprocessed_056_PIANO056_MID--AUDIO-split_07-07-17_Piano-e_1-05_wav--4.midi,2017
2353,62.26519337016575,0.1814593958067717,69.41308967275818,84,36,MIDI-Unprocessed_057_PIANO057_MID--AUDIO-split_07-07-17_Piano-e_1-07_wav--1.midi,2017
2831,61.20522783468739,0.26932915342046404,67.70611091487108,89,29,MIDI-Unprocessed_057_PIANO057_MID--AUDIO-split_07-07-17_Piano-e_1-07_wav--2.midi,2017
1592,57.09861809045226,0.40946660385259676,62.04459798994975,88,25,MIDI-Unprocessed_057_PIANO057_MID--AUDIO-split_07-07-17_Piano-e_1-07_wav--3.midi,2017
1977,63.28780981284775,0.12162261844545598,50.72938796155792,92,32,MIDI-Unprocessed_057_PIANO057_MID--AUDIO-split_07-07-17_Piano-e_1-07_wav--4.midi,2017
5821,65.06425012884384,0.20109749899788082,67.51949836797802,101,24,MIDI-Unprocessed_057_PIANO057_MID--AUDIO-split_07-07-17_Piano-e_1-07_wav--5.midi,2017
2140,64.2607476635514,0.6371524532710275,56.527102803738316,84,37,MIDI-Unprocessed_058_PIANO058_MID--AUDIO-split_07-07-17_Piano-e_2-02_wav--1.midi,2017
1607,71.55382700684505,0.09020236984028204,69.5457373988799,99,30,MIDI-Unprocessed_058_PIANO058_MID--AUDIO-split_07-07-17_Piano-e_2-02_wav--2.midi,2017
3811,60.5258462345841,0.14550096212717598,64.33088428234059,89,29,MIDI-Unprocessed_058_PIANO058_MID--AUDIO-split_07-07-17_Piano-e_2-02_wav--3.midi,2017
1802,66.84461709211986,0.3749300545689977,55.62541620421754,101,32,MIDI-Unprocessed_058_PIANO058_MID--AUDIO-split_07-07-17_Piano-e_2-02_wav--4.midi,2017
5542,65.25622518946228,0.08764303650908231,70.20317574882714,104,26,MIDI-Unprocessed_058_PIANO058_MID--AUDIO-split_07-07-17_Piano-e_2-02_wav--5.midi,2017
2242,64.25111507582515,0.13080350505501018,67.06735057983943,84,37,MIDI-Unprocessed_059_PIANO059_MID--AUDIO-split_07-07-17_Piano-e_2-03_wav--1.midi,2017
6604,61.625984251968504,0.16136968756309314,66.93564506359782,93,29,MIDI-Unprocessed_059_PIANO059_MID--AUDIO-split_07-07-17_Piano-e_2-03_wav--2.midi,2017
1386,69.31168831168831,0.19775282587782583,77.63708513708514,101,24,MIDI-Unprocessed_059_PIANO059_MID--AUDIO-split_07-07-17_Piano-e_2-03_wav--3.midi,2017
8277,60.88389513108614,0.15541258910233197,67.35350972574604,93,28,MIDI-Unprocessed_059_PIANO059_MID--AUDIO-split_07-07-17_Piano-e_2-03_wav--4.midi,2017
1653,62.67090139140956,0.12275975499092555,65.30792498487598,84,36,MIDI-Unprocessed_060_PIANO060_MID--AUDIO-split_07-07-17_Piano-e_2-04_wav--1.midi,2017
2841,61.22104892643436,0.11352260061011378,75.9190425906371,98,28,MIDI-Unprocessed_060_PIANO060_MID--AUDIO-split_07-07-17_Piano-e_2-04_wav--2.midi,2017
1618,71.48949320148331,0.08787726617222907,71.3114956736712,99,30,MIDI-Unprocessed_060_PIANO060_MID--AUDIO-split_07-07-17_Piano-e_2-04_wav--3.midi,2017
4000,63.65475,0.15942473958333347,67.397,89,30,MIDI-Unprocessed_060_PIANO060_MID--AUDIO-split_07-07-17_Piano-e_2-04_wav--4.midi,2017
7800,69.4174358974359,0.11392815170940176,72.13435897435897,105,21,MIDI-Unprocessed_060_PIANO060_MID--AUDIO-split_07-07-17_Piano-e_2-04_wav--5.midi,2017
1611,62.05772811918063,0.3321895044485826,60.50465549348231,84,36,MIDI-Unprocessed_061_PIANO061_MID--AUDIO-split_07-07-17_Piano-e_2-05_wav--1.midi,2017
3947,63.795540917152266,0.17653756017228273,67.46592348619204,89,30,MIDI-Unprocessed_061_PIANO061_MID--AUDIO-split_07-07-17_Piano-e_2-05_wav--2.midi,2017
6261,62.3579300431241,0.28346077570143247,65.58009902571474,101,22,MIDI-Unprocessed_061_PIANO061_MID--AUDIO-split_07-07-17_Piano-e_2-05_wav--3.midi,2017
6625,61.63637735849056,0.1645619496855345,65.85056603773585,93,29,MIDI-Unprocessed_062_PIANO062_MID--AUDIO-split_07-07-17_Piano-e_2-07_wav--1.midi,2017
1625,61.27446153846154,0.2609301282051285,64.78646153846154,84,33,MIDI-Unprocessed_062_PIANO062_MID--AUDIO-split_07-07-17_Piano-e_2-07_wav--2.midi,2017
1650,71.67939393939393,0.10500883838383837,68.97939393939394,99,30,MIDI-Unprocessed_062_PIANO062_MID--AUDIO-split_07-07-17_Piano-e_2-07_wav--3.midi,2017
5982,64.78752925442996,0.20462777220550535,68.22935473085924,101,24,MIDI-Unprocessed_062_PIANO062_MID--AUDIO-split_07-07-17_Piano-e_2-07_wav--4.midi,2017
1898,61.93888303477345,0.1912918203371969,59.096417281348785,83,37,MIDI-Unprocessed_065_PIANO065_MID--AUDIO-split_07-07-17_Piano-e_3-01_wav--1.midi,2017
4279,64.3227389577004,0.19778326322349507,65.16195372750643,89,29,MIDI-Unprocessed_065_PIANO065_MID--AUDIO-split_07-07-17_Piano-e_3-01_wav--2.midi,2017
4095,65.31013431013432,0.109819647944648,69.47057387057387,104,24,MIDI-Unprocessed_065_PIANO065_MID--AUDIO-split_07-07-17_Piano-e_3-01_wav--3.midi,2017
2224,61.55980215827338,0.4131182553956837,63.00404676258993,84,36,MIDI-Unprocessed_066_PIANO066_MID--AUDIO-split_07-07-17_Piano-e_3-02_wav--1.midi,2017
3260,61.70920245398773,0.19829882413087968,63.83220858895706,89,29,MIDI-Unprocessed_066_PIANO066_MID--AUDIO-split_07-07-17_Piano-e_3-02_wav--2.midi,2017
3326,65.99609140108238,0.3716278938665065,67.90348767288033,102,27,MIDI-Unprocessed_066_PIANO066_MID--AUDIO-split_07-07-17_Piano-e_3-02_wav--3.midi,2017
4154,77.04044294655753,0.06047434199967911,70.6824747231584,105,27,MIDI-Unprocessed_066_PIANO066_MID--AUDIO-split_07-07-17_Piano-e_3-02_wav--4.midi,2017
3012,63.191235059760956,0.17920505478087678,65.29747675962815,84,36,MIDI-Unprocessed_067_PIANO067_MID--AUDIO-split_07-07-17_Piano-e_3-03_wav--1.midi,2017
3545,61.281241184767275,0.15053038316878237,65.69647390691114,90,26,MIDI-Unprocessed_067_PIANO067_MID--AUDIO-split_07-07-17_Piano-e_3-03_wav--2.midi,2017
2183,64.22446174988548,0.08524870209192233,69.5162620247366,100,25,MIDI-Unprocessed_067_PIANO067_MID--AUDIO-split_07-07-17_Piano-e_3-03_wav--3.midi,2017
5204,71.74269792467332,0.1286342236740966,67.1031898539585,103,24,MIDI-Unprocessed_067_PIANO067_MID--AUDIO-split_07-07-17_Piano-e_3-03_wav--4.midi,2017
3153,65.14716143355534,0.20917710645945659,69.3292102759277,101,30,MIDI-Unprocessed_070_PIANO070_MID--AUDIO-split_07-08-17_Piano-e_1-02_wav--1.midi,2017
1419,70.73291050035236,0.1096598249941274,62.11134601832276,96,28,MIDI-Unprocessed_070_PIANO070_MID--AUDIO-split_07-08-17_Piano-e_1-02_wav--2.midi,2017
7591,61.10696877881702,0.2189879462521406,71.54340666578844,101,26,MIDI-Unprocessed_070_PIANO070_MID--AUDIO-split_07-08-17_Piano-e_1-02_wav--3.midi,2017
7177,63.100599136129304,0.12972124494914328,59.473178208164974,96,29,MIDI-Unprocessed_071_PIANO071_MID--AUDIO-split_07-08-17_Piano-e_1-04_wav--1.midi,2017
2363,63.40076174354634,0.3193526061503735,45.45239102835379,100,29,MIDI-Unprocessed_071_PIANO071_MID--AUDIO-split_07-08-17_Piano-e_1-04_wav--2.midi,2017
9398,67.95562885720366,0.1402850562176346,59.183868908278356,103,24,MIDI-Unprocessed_071_PIANO071_MID--AUDIO-split_07-08-17_Piano-e_1-04_wav--3.midi,2017
4642,67.76044808272296,0.12224862666953897,59.131624299870744,105,21,MIDI-Unprocessed_071_PIANO071_MID--AUDIO-split_07-08-17_Piano-e_1-04_wav--4.midi,2017
7515,61.252295409181635,0.19046434907961815,68.2544244843646,101,26,MIDI-Unprocessed_072_PIANO072_MID--AUDIO-split_07-08-17_Piano-e_1-06_wav--1.midi,2017
4552,67.93409490333919,0.15102908062390158,68.58216168717047,101,29,MIDI-Unprocessed_072_PIANO072_MID--AUDIO-split_07-08-17_Piano-e_1-06_wav--2.midi,2017
2128,65.75281954887218,0.4902094102443607,56.14426691729323,101,30,MIDI-Unprocessed_072_PIANO072_MID--AUDIO-split_07-08-17_Piano-e_1-06_wav--3.midi,2017
7650,69.77529411764706,0.11324087690631802,70.04823529411765,105,21,MIDI-Unprocessed_072_PIANO072_MID--AUDIO-split_07-08-17_Piano-e_1-06_wav--4.midi,2017
7288,62.93139407244786,0.18239557606110512,65.04692645444567,96,29,MIDI-Unprocessed_073_PIANO073_MID--AUDIO-split_07-08-17_Piano-e_2-02_wav--1.midi,2017
2568,57.32671339563863,0.4358060747663552,44.3006230529595,79,28,MIDI-Unprocessed_073_PIANO073_MID--AUDIO-split_07-08-17_Piano-e_2-02_wav--2.midi,2017
10881,63.40189320834482,0.20174137640535453,65.99843764359893,99,25,MIDI-Unprocessed_073_PIANO073_MID--AUDIO-split_07-08-17_Piano-e_2-02_wav--4.midi,2017
7657,61.03317226067651,0.1893112511427453,65.87867310957294,101,26,MIDI-Unprocessed_074_PIANO074_MID--AUDIO-split_07-08-17_Piano-e_2-04_wav--1.midi,2017
6304,64.57630076142132,0.20742170976099872,54.66465736040609,101,29,MIDI-Unprocessed_074_PIANO074_MID--AUDIO-split_07-08-17_Piano-e_2-04_wav--2.midi,2017
6943,62.19256805415527,0.32253378702770147,64.81549762350569,99,21,MIDI-Unprocessed_074_PIANO074_MID--AUDIO-split_07-08-17_Piano-e_2-04_wav--3.midi,2017
6072,64.20734519104084,0.16419974198506812,51.99538866930171,101,29,MIDI-Unprocessed_075_PIANO075_MID--AUDIO-split_07-08-17_Piano-e_2-06_wav--1.midi,2017
7310,62.730232558139534,0.12792421910624785,65.8859097127223,96,29,MIDI-Unprocessed_075_PIANO075_MID--AUDIO-split_07-08-17_Piano-e_2-06_wav--2.midi,2017
4163,64.65745856353591,0.18714844062775224,59.38698054287773,97,23,MIDI-Unprocessed_075_PIANO075_MID--AUDIO-split_07-08-17_Piano-e_2-06_wav--3.midi,2017
7221,62.98075058856114,0.14128265937312473,62.60781055255505,96,29,MIDI-Unprocessed_078_PIANO078_MID--AUDIO-split_07-09-17_Piano-e_1-02_wav--1.midi,2017
7097,64.1049739326476,0.29902408881687087,58.6195575595322,100,28,MIDI-Unprocessed_078_PIANO078_MID--AUDIO-split_07-09-17_Piano-e_1-02_wav--2.midi,2017
8098,61.88984934551741,0.1674990481188769,63.21375648308224,105,21,MIDI-Unprocessed_078_PIANO078_MID--AUDIO-split_07-09-17_Piano-e_1-02_wav--3.midi,2017
2973,65.45375042045072,0.3811858812647161,67.1873528422469,84,36,MIDI-Unprocessed_079_PIANO079_MID--AUDIO-split_07-09-17_Piano-e_1-04_wav--1.midi,2017
4830,59.55072463768116,0.26188492063492114,59.53064182194617,92,29,MIDI-Unprocessed_079_PIANO079_MID--AUDIO-split_07-09-17_Piano-e_1-04_wav--2.midi,2017
7348,62.997142079477406,0.17389695041734718,66.37534022863365,96,29,MIDI-Unprocessed_079_PIANO079_MID--AUDIO-split_07-09-17_Piano-e_1-04_wav--3.midi,2017
6178,61.26545807704759,0.21301712393439107,62.332793784396245,100,22,MIDI-Unprocessed_079_PIANO079_MID--AUDIO-split_07-09-17_Piano-e_1-04_wav--4.midi,2017
5389,63.96808313230655,0.24408633327147874,58.53683429207645,101,29,MIDI-Unprocessed_080_PIANO080_MID--AUDIO-split_07-09-17_Piano-e_1-06_wav--1.midi,2017
7299,62.8821756404987,0.163788275791204,68.2148239484861,96,29,MIDI-Unprocessed_080_PIANO080_MID--AUDIO-split_07-09-17_Piano-e_1-06_wav--2.midi,2017
15840,63.36060606060606,0.16289713541666717,72.23547979797979,101,27,MIDI-Unprocessed_080_PIANO080_MID--AUDIO-split_07-09-17_Piano-e_1-06_wav--3.midi,2017
7622,61.01311991603254,0.17287471026852116,67.7383888743112,101,26,MIDI-Unprocessed_081_PIANO081_MID--AUDIO-split_07-09-17_Piano-e_2_-02_wav--1.midi,2017
6125,64.23689795918368,0.20003146258503426,53.837061224489794,101,29,MIDI-Unprocessed_081_PIANO081_MID--AUDIO-split_07-09-17_Piano-e_2_-02_wav--3.midi,2017
5337,68.42814315158328,0.11983597214415115,73.02679407907064,103,25,MIDI-Unprocessed_081_PIANO081_MID--AUDIO-split_07-09-17_Piano-e_2_-02_wav--4.midi,2017
7345,62.871885636487406,0.15505913886997932,66.27597004765147,96,29,MIDI-Unprocessed_082_PIANO082_MID--AUDIO-split_07-09-17_Piano-e_2_-04_wav--1.midi,2017
9609,67.90186283692371,0.1548152556630933,64.0019773129358,101,24,MIDI-Unprocessed_082_PIANO082_MID--AUDIO-split_07-09-17_Piano-e_2_-04_wav--2.midi,2017
2578,57.304499612102404,0.3696571146883889,48.21140418929403,79,29,MIDI-Unprocessed_082_PIANO082_MID--AUDIO-split_07-09-17_Piano-e_2_-04_wav--3.midi,2017
1129,68.55270150575731,0.4572067832890468,52.82728077945084,87,31,MIDI-Unprocessed_083_PIANO083_MID--AUDIO-split_07-09-17_Piano-e_2_-06_wav--1.midi,2017
1293,65.57308584686776,0.10369457334364532,68.56380510440836,91,31,MIDI-Unprocessed_083_PIANO083_MID--AUDIO-split_07-09-17_Piano-e_2_-06_wav--2.midi,2017
3066,64.66960208741031,0.24982129267232045,57.72570123939987,100,31,MIDI-Unprocessed_083_PIANO083_MID--AUDIO-split_07-09-17_Piano-e_2_-06_wav--3.midi,2017
7036,61.152643547470156,0.1798083072768615,60.55798749289369,101,26,MIDI-Unprocessed_083_PIANO083_MID--AUDIO-split_07-09-17_Piano-e_2_-06_wav--4.midi,2017
1691,73.05736250739207,0.3569313029765425,49.25192193968066,101,32,MIDI-Unprocessed_083_PIANO083_MID--AUDIO-split_07-09-17_Piano-e_2_-06_wav--5.midi,2017
4991,69.28070526948507,0.1696178120617111,61.700661190142256,89,31,MIDI-Unprocessed_Chamber2_MID--AUDIO_09_R3_2018_wav--1.midi,2018
4197,65.1493924231594,0.39750491422444595,64.89659280438408,102,27,MIDI-Unprocessed_Chamber3_MID--AUDIO_10_R3_2018_wav--1.midi,2018
7592,61.82336670179136,0.24105366531656192,62.95982613277134,104,22,MIDI-Unprocessed_Chamber3_MID--AUDIO_10_R3_2018_wav--2.midi,2018
8038,65.01517790495149,0.28860147372895445,68.15041054988804,84,31,MIDI-Unprocessed_Chamber4_MID--AUDIO_11_R3_2018_wav--1.midi,2018
12968,61.84901295496607,0.30591287206970985,64.95003084515731,101,24,MIDI-Unprocessed_Chamber5_MID--AUDIO_18_R3_2018_wav--1.midi,2018
4152,61.71411368015414,0.308240632024727,57.13198458574181,89,29,MIDI-Unprocessed_Chamber6_MID--AUDIO_20_R3_2018_wav--1.midi,2018
9727,61.155546417189264,0.2687666257581988,65.49110722730543,95,22,MIDI-Unprocessed_Chamber6_MID--AUDIO_20_R3_2018_wav--2.midi,2018
3012,63.20717131474104,0.23585519034971247,60.91168658698539,84,31,MIDI-Unprocessed_Recital1-3_MID--AUDIO_01_R1_2018_wav--1.midi,2018
4203,59.97287651677373,0.3387526394837019,54.250059481322864,100,21,MIDI-Unprocessed_Recital1-3_MID--AUDIO_01_R1_2018_wav--2.midi,2018
18867,68.64525361742726,0.11306144105227846,63.64636667196692,105,27,MIDI-Unprocessed_Recital1-3_MID--AUDIO_01_R1_2018_wav--3.midi,2018
6196,61.27453195610071,0.1929222650365833,57.52630729502905,100,22,MIDI-Unprocessed_Recital1-3_MID--AUDIO_01_R1_2018_wav--4.midi,2018
23469,64.96420810430782,0.22297992609044523,63.874259661681364,101,22,MIDI-Unprocessed_Recital1-3_MID--AUDIO_02_R1_2018_wav--1.midi,2018
12138,70.13519525457242,0.11449408194650382,67.3700774427418,105,24,MIDI-Unprocessed_Recital1-3_MID--AUDIO_02_R1_2018_wav--2.midi,2018
3044,69.74211563731932,0.264153953816251,53.283508541392905,108,21,MIDI-Unprocessed_Recital1-3_MID--AUDIO_02_R1_2018_wav--3.midi,2018
4740,67.56835443037974,0.14477463519690556,64.80928270042195,105,21,MIDI-Unprocessed_Recital1-3_MID--AUDIO_02_R1_2018_wav--4.midi,2018
9152,62.50174825174825,0.3038564828725957,58.15340909090909,90,26,MIDI-Unprocessed_Recital1-3_MID--AUDIO_03_R1_2018_wav--1.midi,2018
13863,61.685782298203854,0.3524018144821953,56.40359229603982,103,22,MIDI-Unprocessed_Recital1-3_MID--AUDIO_03_R1_2018_wav--2.midi,2018
1122,55.423351158645275,0.7060111686720141,54.411764705882355,85,23,MIDI-Unprocessed_Recital1-3_MID--AUDIO_03_R1_2018_wav--4.midi,2018
2731,61.45734163310143,0.11199823782497262,67.19150494324423,98,28,MIDI-Unprocessed_Recital1-3_MID--AUDIO_03_R1_2018_wav--5.midi,2018
5919,68.8773441459706,0.23926259714478804,60.64656191924311,89,33,MIDI-Unprocessed_Recital12_MID--AUDIO_12_R1_2018_wav--1.midi,2018
7629,64.59365578712806,0.17222590881286276,65.51199370821864,104,21,MIDI-Unprocessed_Recital12_MID--AUDIO_12_R1_2018_wav--2.midi,2018
5722,61.65152044739602,0.27206100540312245,54.06396364907375,101,29,MIDI-Unprocessed_Recital12_MID--AUDIO_12_R1_2018_wav--3.midi,2018
6412,63.908140985651904,0.2960690161026201,62.11400499064254,89,29,MIDI-Unprocessed_Recital13-15_MID--AUDIO_13_R1_2018_wav--1.midi,2018
18541,61.97216978587994,0.1625984024144684,67.91073836362656,99,24,MIDI-Unprocessed_Recital13-15_MID--AUDIO_13_R1_2018_wav--2.midi,2018
13062,61.82736181289236,0.29476836035191084,65.96309906599296,101,24,MIDI-Unprocessed_Recital13-15_MID--AUDIO_13_R1_2018_wav--3.midi,2018
6393,64.40685124354764,0.23430554740862375,62.34396996715157,84,33,MIDI-Unprocessed_Recital13-15_MID--AUDIO_14_R1_2018_wav--1.midi,2018
8723,62.933165195460276,0.3350312810481865,58.48618594520234,97,27,MIDI-Unprocessed_Recital13-15_MID--AUDIO_14_R1_2018_wav--2.midi,2018
5662,62.64111621335217,0.10536986341693157,65.89261744966443,89,29,MIDI-Unprocessed_Recital13-15_MID--AUDIO_14_R1_2018_wav--3.midi,2018
4472,60.591681574239715,0.4179830170132683,61.582289803220036,95,26,MIDI-Unprocessed_Recital13-15_MID--AUDIO_14_R1_2018_wav--4.midi,2018
3633,61.7140104596752,0.31946523190200976,59.53619598128269,92,24,MIDI-Unprocessed_Recital13-15_MID--AUDIO_15_R1_2018_wav--1.midi,2018
1094,59.693784277879345,0.736567356032907,55.60511882998172,81,38,MIDI-Unprocessed_Recital13-15_MID--AUDIO_15_R1_2018_wav--2.midi,2018
12957,64.20614339739137,0.26701913460548987,56.93046229837154,99,24,MIDI-Unprocessed_Recital13-15_MID--AUDIO_15_R1_2018_wav--3.midi,2018
15330,64.0249184605349,0.18313322189606474,62.63796477495108,103,25,MIDI-Unprocessed_Recital13-15_MID--AUDIO_15_R1_2018_wav--4.midi,2018
7149,60.04630018184361,0.18889661141418398,62.497552105189534,104,21,MIDI-Unprocessed_Recital16_MID--AUDIO_16_R1_2018_wav--2.midi,2018
366,61.9207650273224,1.5462524191712206,40.67486338797814,89,26,MIDI-Unprocessed_Recital16_MID--AUDIO_16_R1_2018_wav--3.midi,2018
2404,61.09900166389351,0.35149587926372705,61.121880199667224,83,37,MIDI-Unprocessed_Recital17-19_MID--AUDIO_17_R1_2018_wav--1.midi,2018
3821,61.716566343889035,0.1750094052604032,59.82753205967024,102,22,MIDI-Unprocessed_Recital17-19_MID--AUDIO_17_R1_2018_wav--2.midi,2018
7533,66.91304924996682,0.32096241813797066,59.50670383645294,89,29,MIDI-Unprocessed_Recital17-19_MID--AUDIO_17_R1_2018_wav--3.midi,2018
13850,61.68743682310469,0.33220884100481346,58.35768953068592,103,22,MIDI-Unprocessed_Recital17-19_MID--AUDIO_17_R1_2018_wav--4.midi,2018
14347,62.77932668850631,0.1717973124462728,64.14156269603401,93,29,MIDI-Unprocessed_Recital17-19_MID--AUDIO_18_R1_2018_wav--1.midi,2018
6220,61.17813504823151,0.22355493870578835,63.39662379421222,100,22,MIDI-Unprocessed_Recital17-19_MID--AUDIO_18_R1_2018_wav--2.midi,2018
1732,67.22632794457274,0.11639136475173197,70.55658198614319,86,33,MIDI-Unprocessed_Recital17-19_MID--AUDIO_18_R1_2018_wav--3.midi,2018
5099,63.8350656991567,0.3188120015362494,63.613257501470876,86,26,MIDI-Unprocessed_Recital17-19_MID--AUDIO_19_R1_2018_wav--1.midi,2018
8081,61.016334612052965,0.3126316423813061,56.434352184135626,96,24,MIDI-Unprocessed_Recital17-19_MID--AUDIO_19_R1_2018_wav--2.midi,2018
4169,65.62197169585032,0.09190978052290726,71.31638282561765,104,28,MIDI-Unprocessed_Recital17-19_MID--AUDIO_19_R1_2018_wav--3.midi,2018
12307,66.92882099618103,0.13338741840686863,58.78532542455513,104,26,MIDI-Unprocessed_Recital17-19_MID--AUDIO_19_R1_2018_wav--4.midi,2018
1787,63.09345271404589,0.27639870126841987,67.84890878567431,95,25,MIDI-Unprocessed_Recital17-19_MID--AUDIO_19_R1_2018_wav--5.midi,2018
8327,62.99339498018494,0.1476936534266041,67.11552780112886,103,22,MIDI-Unprocessed_Recital17-19_MID--AUDIO_19_R1_2018_wav--6.midi,2018
5733,66.1667538810396,0.3090473101633814,49.89447060875632,103,22,MIDI-Unprocessed_Recital20_MID--AUDIO_20_R1_2018_wav--3.midi,2018
23835,62.672288651143276,0.17871138818963786,68.11625760436333,101,24,MIDI-Unprocessed_Recital20_MID--AUDIO_20_R1_2018_wav--4.midi,2018
1991,62.731793068809644,0.8852767139628327,65.16373681567052,84,36,MIDI-Unprocessed_Recital4_MID--AUDIO_04_R1_2018_wav--1.midi,2018
6636,63.97242314647378,0.30345016764617244,61.095238095238095,96,28,MIDI-Unprocessed_Recital4_MID--AUDIO_04_R1_2018_wav--3.midi,2018
11094,63.29853975121687,0.22538083648819193,67.02857400396611,99,24,MIDI-Unprocessed_Recital4_MID--AUDIO_04_R1_2018_wav--4.midi,2018
17080,63.282669789227164,0.24695664702868905,69.39531615925058,103,21,MIDI-Unprocessed_Recital4_MID--AUDIO_04_R1_2018_wav--5.midi,2018
8552,63.19983629560337,0.2904566975074054,60.796772684752106,97,27,MIDI-Unprocessed_Recital5-7_MID--AUDIO_05_R1_2018_wav--1.midi,2018
17624,64.14536995006809,0.16352516159309294,66.67408079891058,101,22,MIDI-Unprocessed_Recital5-7_MID--AUDIO_05_R1_2018_wav--2.midi,2018
11581,62.92833088679734,0.18877959678928147,64.97245488299801,106,22,MIDI-Unprocessed_Recital5-7_MID--AUDIO_05_R1_2018_wav--3.midi,2018
11532,63.7244190079778,0.19917810223725302,67.11862643080124,84,36,MIDI-Unprocessed_Recital5-7_MID--AUDIO_06_R1_2018_wav--1.midi,2018
10111,62.550489565819404,0.29816974293673554,62.96963702897834,89,28,MIDI-Unprocessed_Recital5-7_MID--AUDIO_06_R1_2018_wav--2.midi,2018
14160,59.92104519774011,0.2204640419020716,59.67090395480226,100,22,MIDI-Unprocessed_Recital5-7_MID--AUDIO_06_R1_2018_wav--3.midi,2018
6615,67.00498866213152,0.21465222663139386,62.99591836734694,89,29,MIDI-Unprocessed_Recital5-7_MID--AUDIO_07_R1_2018_wav--1.midi,2018
9486,61.005376344086024,0.1908897267464329,68.78916297701876,95,22,MIDI-Unprocessed_Recital5-7_MID--AUDIO_07_R1_2018_wav--2.midi,2018
1223,65.75143090760425,0.6762518312210407,50.50204415372036,83,35,MIDI-Unprocessed_Recital5-7_MID--AUDIO_07_R1_2018_wav--3.midi,2018
15923,63.081642906487474,0.17794964438234023,68.58638447528732,104,21,MIDI-Unprocessed_Recital5-7_MID--AUDIO_07_R1_2018_wav--4.midi,2018
6700,66.61492537313433,0.20753906249999932,60.12477611940299,93,29,MIDI-Unprocessed_Recital8_MID--AUDIO_08_R1_2018_wav--1.midi,2018
8200,61.335,0.2676505335365858,65.23926829268292,100,23,MIDI-Unprocessed_Recital8_MID--AUDIO_08_R1_2018_wav--2.midi,2018
4719,62.844670481034115,0.2471728870876599,66.71031998304726,84,36,MIDI-Unprocessed_Recital8_MID--AUDIO_08_R1_2018_wav--3.midi,2018
16221,63.102583071327295,0.2354380349290017,67.15208680106035,104,24,MIDI-Unprocessed_Recital8_MID--AUDIO_08_R1_2018_wav--4.midi,2018
9786,62.294195789903945,0.2334213896127116,63.036991620682606,101,26,MIDI-Unprocessed_Recital9-11_MID--AUDIO_09_R1_2018_wav--1.midi,2018
2644,62.864599092284415,0.13135233468860286,62.16906202723147,93,31,MIDI-Unprocessed_Recital9-11_MID--AUDIO_09_R1_2018_wav--2.midi,2018
1901,61.55076275644398,0.25780770537436426,50.201472908995264,91,31,MIDI-Unprocessed_Recital9-11_MID--AUDIO_09_R1_2018_wav--3.midi,2018
4687,61.8101130787284,0.08477348694971909,64.5318967356518,102,27,MIDI-Unprocessed_Recital9-11_MID--AUDIO_09_R1_2018_wav--4.midi,2018
1095,68.25205479452055,0.37600004756468786,53.06940639269406,86,38,MIDI-Unprocessed_Recital9-11_MID--AUDIO_09_R1_2018_wav--5.midi,2018
3085,64.67520259319286,0.05889046461372234,68.909886547812,86,33,MIDI-Unprocessed_Recital9-11_MID--AUDIO_09_R1_2018_wav--6.midi,2018
4480,62.816964285714285,0.3371268136160716,62.51808035714286,104,27,MIDI-Unprocessed_Recital9-11_MID--AUDIO_10_R1_2018_wav--1.midi,2018
8059,61.023079786574016,0.28942586833560785,56.512098275220254,96,24,MIDI-Unprocessed_Recital9-11_MID--AUDIO_10_R1_2018_wav--2.midi,2018
1429,68.14135759272219,0.4271598728714719,48.881735479356195,99,22,MIDI-Unprocessed_Recital9-11_MID--AUDIO_10_R1_2018_wav--3.midi,2018
8209,61.11012303569253,0.2604816994558823,61.11938116701182,100,23,MIDI-Unprocessed_Recital9-11_MID--AUDIO_10_R1_2018_wav--5.midi,2018
4867,59.30244503801109,0.255907664714745,55.88945962605301,92,29,MIDI-Unprocessed_Recital9-11_MID--AUDIO_11_R1_2018_wav--1.midi,2018
9525,60.92776902887139,0.2943901738845143,68.05469816272966,95,22,MIDI-Unprocessed_Recital9-11_MID--AUDIO_11_R1_2018_wav--2.midi,2018
13920,61.65969827586207,0.3176470643259096,63.651508620689654,103,22,MIDI-Unprocessed_Recital9-11_MID--AUDIO_11_R1_2018_wav--5.midi,2018
18352,64.01509372275501,0.19297411385679916,62.19752615518745,100,24,MIDI-Unprocessed_Schubert1-3_MID--AUDIO_02_R2_2018_wav.midi,2018
16617,60.51688030330384,0.1986285537150716,62.038574953361014,101,26,MIDI-Unprocessed_Schubert1-3_MID--AUDIO_05_R2_2018_wav.midi,2018
18262,65.36983900996604,0.2015936153853169,62.12972292191436,100,29,MIDI-Unprocessed_Schubert1-3_MID--AUDIO_07_R2_2018_wav.midi,2018
17591,64.6549940310386,0.2314518077425952,56.531010175658004,100,28,MIDI-Unprocessed_Schubert10-12_MID--AUDIO_17_R2_2018_wav.midi,2018
18040,64.45260532150776,0.24361430617147065,60.181263858093125,100,28,MIDI-Unprocessed_Schubert10-12_MID--AUDIO_18_R2_2018_wav.midi,2018
25076,63.3936034455256,0.1791258220841982,62.79933003668847,100,28,MIDI-Unprocessed_Schubert10-12_MID--AUDIO_20_R2_2018_wav.midi,2018
16514,60.545537120019375,0.19502525950203808,59.16573816155989,101,29,MIDI-Unprocessed_Schubert4-6_MID--AUDIO_08_R2_2018_wav.midi,2018
21435,63.313132726848615,0.21048737462094722,57.84865873571262,101,28,MIDI-Unprocessed_Schubert4-6_MID--AUDIO_09_R2_2018_wav.midi,2018
21420,63.317880485527546,0.23377429096638663,55.14126984126984,101,28,MIDI-Unprocessed_Schubert4-6_MID--AUDIO_10_R2_2018_wav.midi,2018
16662,60.349057736166124,0.1979264350268068,62.09374624894971,101,26,MIDI-Unprocessed_Schubert7-9_MID--AUDIO_11_R2_2018_wav.midi,2018
16853,64.63235032338456,0.25072447845586354,57.45107695959177,100,28,MIDI-Unprocessed_Schubert7-9_MID--AUDIO_15_R2_2018_wav.midi,2018
16690,60.420071899340925,0.1975511627471536,60.33834631515878,101,26,MIDI-Unprocessed_Schubert7-9_MID--AUDIO_16_R2_2018_wav.midi,2018
